cof,ASA_m^2/g,Density,LS,B,O,C,H,Si,N,S,Ni,Zn,Cu,Co,F,P,Cl,V,Br
19542N2,1581.73,0.662891,27.65854,0.0,0.0,0.5714285714285714,0.2857142857142857,0.0,0.0857142857142857,0.0571428571428571,0.0,0.0,0.0,0.0,0.0,0.0,0.0,0.0,0.0
20191N2,2590.76,0.332648,33.01596,0.0,0.0,0.5652173913043478,0.3478260869565217,0.0,0.0434782608695652,0.0434782608695652,0.0,0.0,0.0,0.0,0.0,0.0,0.0,0.0,0.0
20202N2,2620.64,0.354451,30.65329,0.0,0.0,0.6086956521739131,0.3478260869565217,0.0,0.0434782608695652,0.0,0.0,0.0,0.0,0.0,0.0,0.0,0.0,0.0,0.0
19102N2,1706.93,0.578502,23.82296,0.0,0.0,0.631578947368421,0.2631578947368421,0.0,0.1052631578947368,0.0,0.0,0.0,0.0,0.0,0.0,0.0,0.0,0.0,0.0
16121N2,1515.8,0.766045,16.31523,0.0,0.1186440677966101,0.4610169491525424,0.2983050847457627,0.0,0.1084745762711864,0.0135593220338983,0.0,0.0,0.0,0.0,0.0,0.0,0.0,0.0,0.0
17040N2,1579.13,0.736546,12.95632,0.0,0.0,0.5945945945945946,0.3513513513513513,0.0,0.054054054054054,0.0,0.0,0.0,0.0,0.0,0.0,0.0,0.0,0.0,0.0
21250N2,1717.58,0.655304,13.81014,0.0,0.0476190476190476,0.4761904761904761,0.3333333333333333,0.0,0.1428571428571428,0.0,0.0,0.0,0.0,0.0,0.0,0.0,0.0,0.0,0.0
15181N2,1586.88,0.520358,31.97817,0.0225988700564971,0.0903954802259887,0.5875706214689266,0.2259887005649717,0.0,0.0677966101694915,0.0,0.0,0.0,0.0056497175141242,0.0,0.0,0.0,0.0,0.0,0.0
16051N2,1718.86,0.606226,20.15685,0.0618556701030927,0.1237113402061855,0.5567010309278351,0.2268041237113402,0.0,0.0206185567010309,0.0103092783505154,0.0,0.0,0.0,0.0,0.0,0.0,0.0,0.0,0.0
18041N3,248.169,1.11611,4.77581,0.0,0.1134751773049645,0.4893617021276595,0.3687943262411347,0.0,0.0283687943262411,0.0,0.0,0.0,0.0,0.0,0.0,0.0,0.0,0.0,0.0
16070N2,2033.81,0.69272,16.96964,0.0,0.1304347826086956,0.391304347826087,0.391304347826087,0.0,0.0869565217391304,0.0,0.0,0.0,0.0,0.0,0.0,0.0,0.0,0.0,0.0
19200N2,4047.94,0.505368,9.19121,0.0,0.0,0.5625,0.375,0.0,0.0625,0.0,0.0,0.0,0.0,0.0,0.0,0.0,0.0,0.0,0.0
16061N2,8560.1,0.116104,23.03655,0.0,0.0251572327044025,0.5345911949685535,0.4150943396226415,0.0,0.0251572327044025,0.0,0.0,0.0,0.0,0.0,0.0,0.0,0.0,0.0,0.0
16250N3,7294.22,0.139903,24.43912,0.0,0.0,0.6,0.3652173913043478,0.0,0.0347826086956521,0.0,0.0,0.0,0.0,0.0,0.0,0.0,0.0,0.0,0.0
15242N2,1583.16,0.688967,15.43792,0.0,0.0,0.5121951219512195,0.4146341463414634,0.0,0.073170731707317,0.0,0.0,0.0,0.0,0.0,0.0,0.0,0.0,0.0,0.0
12022N2,1789.76,0.545355,26.75925,0.036697247706422,0.073394495412844,0.5871559633027523,0.2201834862385321,0.0,0.073394495412844,0.0,0.0,0.0091743119266055,0.0,0.0,0.0,0.0,0.0,0.0,0.0
16273N2,2210.93,0.52721,27.58431,0.0,0.0,0.5675675675675675,0.3243243243243243,0.0,0.054054054054054,0.054054054054054,0.0,0.0,0.0,0.0,0.0,0.0,0.0,0.0,0.0
20290N2,1413.66,0.84156,8.45883,0.0,0.0,0.5869565217391305,0.3478260869565217,0.0,0.0652173913043478,0.0,0.0,0.0,0.0,0.0,0.0,0.0,0.0,0.0,0.0
11040N2,2289.34,0.336774,41.2682,0.0434782608695652,0.0869565217391304,0.6086956521739131,0.2608695652173913,0.0,0.0,0.0,0.0,0.0,0.0,0.0,0.0,0.0,0.0,0.0,0.0
16041N2,2427.07,0.572642,13.07656,0.0,0.0,0.5689655172413793,0.3793103448275862,0.0,0.0517241379310344,0.0,0.0,0.0,0.0,0.0,0.0,0.0,0.0,0.0,0.0
16174N2,2443.79,0.39397,27.40816,0.0,0.0253164556962025,0.5822784810126582,0.3670886075949367,0.0,0.0253164556962025,0.0,0.0,0.0,0.0,0.0,0.0,0.0,0.0,0.0,0.0
21180N2,1862.29,0.541178,26.30129,0.0,0.0,0.5,0.3333333333333333,0.0,0.1111111111111111,0.0555555555555555,0.0,0.0,0.0,0.0,0.0,0.0,0.0,0.0,0.0
14000N2,2006.64,0.68102,11.56182,0.0,0.0,0.5,0.3333333333333333,0.0,0.1666666666666666,0.0,0.0,0.0,0.0,0.0,0.0,0.0,0.0,0.0,0.0
18031N2,2154.71,0.650729,11.6937,0.0,0.0266666666666666,0.5733333333333334,0.3733333333333333,0.0,0.0266666666666666,0.0,0.0,0.0,0.0,0.0,0.0,0.0,0.0,0.0,0.0
16001N2,1975.4,0.393051,38.28456,0.037037037037037,0.074074074074074,0.6666666666666666,0.2222222222222222,0.0,0.0,0.0,0.0,0.0,0.0,0.0,0.0,0.0,0.0,0.0,0.0
13122N2,2328.65,0.402122,27.83853,0.0,0.0,0.6,0.3923076923076923,0.0,0.0076923076923076,0.0,0.0,0.0,0.0,0.0,0.0,0.0,0.0,0.0,0.0
16060N2,3907.45,0.526648,9.86309,0.0,0.0336134453781512,0.5126050420168067,0.4201680672268907,0.0,0.0336134453781512,0.0,0.0,0.0,0.0,0.0,0.0,0.0,0.0,0.0,0.0
19541N2,2095.89,0.492255,31.58439,0.0,0.0,0.6,0.3555555555555555,0.0,0.0444444444444444,0.0,0.0,0.0,0.0,0.0,0.0,0.0,0.0,0.0,0.0
19350N2,1627.67,0.754705,11.47456,0.0,0.0,0.6176470588235294,0.3529411764705882,0.0,0.0294117647058823,0.0,0.0,0.0,0.0,0.0,0.0,0.0,0.0,0.0,0.0
15090N2,4326.81,0.351937,19.24813,0.0,0.0363636363636363,0.5454545454545454,0.3454545454545454,0.0,0.0727272727272727,0.0,0.0,0.0,0.0,0.0,0.0,0.0,0.0,0.0,0.0
17061N2,1165.32,0.933326,7.88207,0.0,0.0,0.569620253164557,0.3417721518987341,0.0,0.0886075949367088,0.0,0.0,0.0,0.0,0.0,0.0,0.0,0.0,0.0,0.0
20080N2,1584.45,0.621508,24.42986,0.0,0.109090909090909,0.5454545454545454,0.2727272727272727,0.0,0.0727272727272727,0.0,0.0,0.0,0.0,0.0,0.0,0.0,0.0,0.0,0.0
19180N2,2324.87,0.41863,30.87196,0.0,0.0476190476190476,0.5238095238095238,0.3333333333333333,0.0,0.0952380952380952,0.0,0.0,0.0,0.0,0.0,0.0,0.0,0.0,0.0,0.0
19214N2,2229.15,0.459412,24.8972,0.0,0.0,0.5185185185185185,0.3518518518518518,0.0,0.074074074074074,0.0,0.0,0.0,0.0,0.0,0.0555555555555555,0.0,0.0,0.0,0.0
17140N2,2144.2,0.517896,19.89057,0.0,0.0,0.5757575757575758,0.3636363636363636,0.0,0.0606060606060606,0.0,0.0,0.0,0.0,0.0,0.0,0.0,0.0,0.0,0.0
20650N2,1625.11,0.827493,9.8117,0.0,0.0,0.5609756097560976,0.3414634146341463,0.0,0.073170731707317,0.0,0.0,0.0,0.0,0.0,0.024390243902439,0.0,0.0,0.0,0.0
16191N2,3724.98,0.563956,9.08273,0.0,0.0,0.5735294117647058,0.375,0.0,0.0514705882352941,0.0,0.0,0.0,0.0,0.0,0.0,0.0,0.0,0.0,0.0
14010N2,1994.21,0.628561,14.5452,0.0,0.0,0.5967741935483871,0.3387096774193548,0.0,0.032258064516129,0.032258064516129,0.0,0.0,0.0,0.0,0.0,0.0,0.0,0.0,0.0
21170N2,2530.91,0.361855,30.22016,0.0,0.0,0.5294117647058824,0.392156862745098,0.0,0.0784313725490196,0.0,0.0,0.0,0.0,0.0,0.0,0.0,0.0,0.0,0.0
19120N2,2010.02,0.520492,23.32644,0.0,0.125,0.4375,0.3125,0.0,0.125,0.0,0.0,0.0,0.0,0.0,0.0,0.0,0.0,0.0,0.0
21120N2,2282.41,0.350024,34.42603,0.0,0.0727272727272727,0.4909090909090909,0.3636363636363636,0.0,0.0727272727272727,0.0,0.0,0.0,0.0,0.0,0.0,0.0,0.0,0.0,0.0
19291N2,2172.65,0.678609,8.40723,0.0,0.0,0.5925925925925926,0.3703703703703703,0.0,0.037037037037037,0.0,0.0,0.0,0.0,0.0,0.0,0.0,0.0,0.0,0.0
16055N2,1790.36,0.545051,21.95248,0.0545454545454545,0.109090909090909,0.5818181818181818,0.2545454545454545,0.0,0.0,0.0,0.0,0.0,0.0,0.0,0.0,0.0,0.0,0.0,0.0
21082N2,1792.84,0.50194,28.96942,0.0,0.08,0.6,0.28,0.0,0.04,0.0,0.0,0.0,0.0,0.0,0.0,0.0,0.0,0.0,0.0
21071N2,1475.34,0.835057,14.32254,0.0,0.15625,0.5625,0.1875,0.0,0.09375,0.0,0.0,0.0,0.0,0.0,0.0,0.0,0.0,0.0,0.0
19351N2,1521.5,0.596792,24.79884,0.0,0.0,0.6206896551724138,0.3448275862068966,0.0,0.0344827586206896,0.0,0.0,0.0,0.0,0.0,0.0,0.0,0.0,0.0,0.0
20040N2,4379.19,0.357519,20.34648,0.0,0.0,0.5568181818181818,0.3636363636363636,0.0,0.0795454545454545,0.0,0.0,0.0,0.0,0.0,0.0,0.0,0.0,0.0,0.0
21290N2,2045.48,0.462772,26.95282,0.0,0.0,0.5737704918032787,0.360655737704918,0.0,0.0327868852459016,0.0327868852459016,0.0,0.0,0.0,0.0,0.0,0.0,0.0,0.0,0.0
18130N3,1884.04,0.733931,9.07194,0.0,0.0,0.5616438356164384,0.3835616438356164,0.0,0.0547945205479452,0.0,0.0,0.0,0.0,0.0,0.0,0.0,0.0,0.0,0.0
19390N2,1746.27,0.673576,15.94271,0.0,0.0571428571428571,0.5142857142857142,0.3428571428571428,0.0,0.0857142857142857,0.0,0.0,0.0,0.0,0.0,0.0,0.0,0.0,0.0,0.0
19573N2,2065.26,0.611617,16.4295,0.0,0.0,0.5818181818181818,0.3545454545454545,0.0,0.0636363636363636,0.0,0.0,0.0,0.0,0.0,0.0,0.0,0.0,0.0,0.0
20473N2,2363.41,0.262559,55.49799,0.0,0.0408163265306122,0.5714285714285714,0.3877551020408163,0.0,0.0,0.0,0.0,0.0,0.0,0.0,0.0,0.0,0.0,0.0,0.0
19413N2,2061.24,0.426492,32.32912,0.0,0.0,0.55,0.3,0.0,0.1,0.05,0.0,0.0,0.0,0.0,0.0,0.0,0.0,0.0,0.0
20142N2,1942.39,0.688552,10.41381,0.0,0.0303030303030303,0.5757575757575758,0.3636363636363636,0.0,0.0303030303030303,0.0,0.0,0.0,0.0,0.0,0.0,0.0,0.0,0.0,0.0
20391N2,2019.79,0.493969,26.02626,0.0,0.0,0.5882352941176471,0.3088235294117647,0.0,0.0588235294117647,0.0147058823529411,0.0,0.0,0.0,0.0,0.0294117647058823,0.0,0.0,0.0,0.0
17154N2,1457.36,0.615241,20.947,0.0,0.0566037735849056,0.4622641509433962,0.4433962264150943,0.0,0.0377358490566037,0.0,0.0,0.0,0.0,0.0,0.0,0.0,0.0,0.0,0.0
15185N2,1644.56,0.54517,28.61691,0.0291970802919708,0.1167883211678832,0.5547445255474452,0.2043795620437956,0.0,0.0875912408759124,0.0,0.0072992700729927,0.0,0.0,0.0,0.0,0.0,0.0,0.0,0.0
15091N2,4175.79,0.375894,17.5939,0.0,0.032258064516129,0.5161290322580645,0.3870967741935484,0.0,0.064516129032258,0.0,0.0,0.0,0.0,0.0,0.0,0.0,0.0,0.0,0.0
19110N2,2347.26,0.408741,27.3279,0.0,0.0476190476190476,0.5238095238095238,0.3333333333333333,0.0,0.0952380952380952,0.0,0.0,0.0,0.0,0.0,0.0,0.0,0.0,0.0,0.0
19412N2,1817.51,0.51285,39.33515,0.0,0.0,0.625,0.34375,0.0,0.03125,0.0,0.0,0.0,0.0,0.0,0.0,0.0,0.0,0.0,0.0
17060N2,1690.47,0.748248,11.37505,0.0,0.0,0.5779816513761468,0.3577981651376147,0.0,0.0642201834862385,0.0,0.0,0.0,0.0,0.0,0.0,0.0,0.0,0.0,0.0
17130N2,1948.95,0.438993,36.55572,0.0,0.0,0.575,0.375,0.0,0.05,0.0,0.0,0.0,0.0,0.0,0.0,0.0,0.0,0.0,0.0
20541N2,230.107,1.44221,5.08862,0.0,0.0666666666666666,0.4666666666666667,0.3333333333333333,0.0,0.1,0.0,0.0,0.0,0.0,0.0,0.0,0.0333333333333333,0.0,0.0,0.0
17210N2,1686.0,0.650728,17.39366,0.0,0.037037037037037,0.5925925925925926,0.2962962962962963,0.0,0.074074074074074,0.0,0.0,0.0,0.0,0.0,0.0,0.0,0.0,0.0,0.0
20161N2,1510.49,0.642119,23.75775,0.0,0.027027027027027,0.5675675675675675,0.3783783783783784,0.0,0.027027027027027,0.0,0.0,0.0,0.0,0.0,0.0,0.0,0.0,0.0,0.0
19500N2,2219.96,0.400438,33.50006,0.0,0.0714285714285714,0.5357142857142857,0.3214285714285714,0.0,0.0714285714285714,0.0,0.0,0.0,0.0,0.0,0.0,0.0,0.0,0.0,0.0
19510N2,2570.97,0.315673,38.80846,0.0,0.04,0.52,0.36,0.0,0.08,0.0,0.0,0.0,0.0,0.0,0.0,0.0,0.0,0.0,0.0
21081N2,1843.17,0.561653,24.39456,0.0,0.1034482758620689,0.5689655172413793,0.2586206896551724,0.0,0.0689655172413793,0.0,0.0,0.0,0.0,0.0,0.0,0.0,0.0,0.0,0.0
12010N2,1699.42,0.626105,18.71848,0.0392156862745098,0.0784313725490196,0.5490196078431373,0.2941176470588235,0.0,0.0392156862745098,0.0,0.0,0.0,0.0,0.0,0.0,0.0,0.0,0.0,0.0
19453N2,2521.98,0.330288,34.04024,0.0,0.0,0.4888888888888889,0.4444444444444444,0.0,0.0666666666666666,0.0,0.0,0.0,0.0,0.0,0.0,0.0,0.0,0.0,0.0
20630N2,2209.77,0.527893,25.99705,0.0,0.0,0.5476190476190477,0.3809523809523809,0.0,0.0714285714285714,0.0,0.0,0.0,0.0,0.0,0.0,0.0,0.0,0.0,0.0
16171N2,1847.88,0.641115,17.56245,0.0,0.0,0.5957446808510638,0.2765957446808511,0.0,0.0425531914893617,0.0,0.0,0.0,0.0,0.0,0.0851063829787234,0.0,0.0,0.0,0.0
15160N2,670.966,0.980348,7.45342,0.0,0.0263157894736842,0.4473684210526316,0.5,0.0,0.0263157894736842,0.0,0.0,0.0,0.0,0.0,0.0,0.0,0.0,0.0,0.0
15111N2,1316.58,0.588294,32.25806,0.0333333333333333,0.0666666666666666,0.6333333333333333,0.2666666666666666,0.0,0.0,0.0,0.0,0.0,0.0,0.0,0.0,0.0,0.0,0.0,0.0
19050N2,2176.31,0.404282,33.67402,0.0,0.0,0.5789473684210527,0.2631578947368421,0.0,0.1052631578947368,0.0526315789473684,0.0,0.0,0.0,0.0,0.0,0.0,0.0,0.0,0.0
18121N3,899.921,0.933924,6.13559,0.0,0.0,0.5698924731182796,0.3870967741935484,0.0,0.043010752688172,0.0,0.0,0.0,0.0,0.0,0.0,0.0,0.0,0.0,0.0
15210N2,1728.67,0.617226,22.30023,0.0625,0.125,0.5625,0.25,0.0,0.0,0.0,0.0,0.0,0.0,0.0,0.0,0.0,0.0,0.0,0.0
13080N2,1627.5,0.650962,20.43722,0.0,0.0,0.6666666666666666,0.238095238095238,0.0,0.0952380952380952,0.0,0.0,0.0,0.0,0.0,0.0,0.0,0.0,0.0,0.0
19010N2,1491.03,0.802361,10.97505,0.0,0.0,0.5967741935483871,0.3387096774193548,0.0,0.064516129032258,0.0,0.0,0.0,0.0,0.0,0.0,0.0,0.0,0.0,0.0
20430N3,7416.64,0.108766,47.73625,0.0,0.0,0.6130653266331658,0.3567839195979899,0.0,0.0301507537688442,0.0,0.0,0.0,0.0,0.0,0.0,0.0,0.0,0.0,0.0
16201N2,2349.13,0.596112,12.95641,0.0,0.1785714285714285,0.4285714285714285,0.2857142857142857,0.0,0.0714285714285714,0.0357142857142857,0.0,0.0,0.0,0.0,0.0,0.0,0.0,0.0,0.0
20350N2,1494.85,0.765031,13.2482,0.0,0.0,0.5822784810126582,0.3291139240506329,0.0,0.0759493670886076,0.0,0.0,0.0126582278481012,0.0,0.0,0.0,0.0,0.0,0.0,0.0
13120N2,1932.6,0.630497,13.74602,0.0,0.0,0.582089552238806,0.3582089552238806,0.0,0.0597014925373134,0.0,0.0,0.0,0.0,0.0,0.0,0.0,0.0,0.0,0.0
16032N2,2809.77,0.388373,22.30685,0.0,0.0338983050847457,0.4915254237288136,0.3898305084745763,0.0,0.0847457627118644,0.0,0.0,0.0,0.0,0.0,0.0,0.0,0.0,0.0,0.0
17160N3,6692.09,0.165781,21.8567,0.0,0.0,0.5793650793650794,0.3492063492063492,0.0,0.0634920634920634,0.0,0.0,0.0,0.0079365079365079,0.0,0.0,0.0,0.0,0.0,0.0
19061N2,2020.15,0.560777,16.249,0.0,0.0097087378640776,0.5436893203883495,0.4077669902912621,0.0,0.0388349514563106,0.0,0.0,0.0,0.0,0.0,0.0,0.0,0.0,0.0,0.0
15171N2,2393.16,0.676902,7.56527,0.0,0.0,0.5789473684210527,0.3684210526315789,0.0,0.0526315789473684,0.0,0.0,0.0,0.0,0.0,0.0,0.0,0.0,0.0,0.0
20181N2,1892.18,0.588678,19.00793,0.0,0.0,0.5483870967741935,0.2903225806451613,0.0,0.064516129032258,0.0,0.0,0.0,0.0,0.0,0.0967741935483871,0.0,0.0,0.0,0.0
20165N2,2476.89,0.39267,28.08589,0.0,0.0,0.5416666666666666,0.375,0.0,0.0833333333333333,0.0,0.0,0.0,0.0,0.0,0.0,0.0,0.0,0.0,0.0
14030N2,1923.25,0.385723,41.24391,0.0256410256410256,0.0512820512820512,0.5641025641025641,0.3076923076923077,0.0,0.0512820512820512,0.0,0.0,0.0,0.0,0.0,0.0,0.0,0.0,0.0,0.0
16054N2,1693.8,0.625073,19.95912,0.0615384615384615,0.123076923076923,0.5538461538461539,0.2153846153846154,0.0,0.0307692307692307,0.0153846153846153,0.0,0.0,0.0,0.0,0.0,0.0,0.0,0.0,0.0
14080N2,2098.94,0.400887,34.47645,0.0454545454545454,0.0909090909090909,0.5454545454545454,0.2727272727272727,0.0,0.0454545454545454,0.0,0.0,0.0,0.0,0.0,0.0,0.0,0.0,0.0,0.0
18133N3,2876.68,0.619925,8.65257,0.0,0.0,0.5638297872340425,0.3829787234042553,0.0106382978723404,0.0425531914893617,0.0,0.0,0.0,0.0,0.0,0.0,0.0,0.0,0.0,0.0
13071N2,1534.79,0.653124,21.64442,0.0,0.05,0.5,0.4,0.0,0.05,0.0,0.0,0.0,0.0,0.0,0.0,0.0,0.0,0.0,0.0
20168N2,1503.82,0.642832,23.57253,0.0,0.0272727272727272,0.5636363636363636,0.3727272727272727,0.0,0.0363636363636363,0.0,0.0,0.0,0.0,0.0,0.0,0.0,0.0,0.0,0.0
17162N3,7152.33,0.155274,21.69652,0.0,0.0,0.5905511811023622,0.3622047244094488,0.0,0.0472440944881889,0.0,0.0,0.0,0.0,0.0,0.0,0.0,0.0,0.0,0.0
20090N2,2038.54,0.611145,15.58162,0.0,0.0,0.5789473684210527,0.3684210526315789,0.0,0.0526315789473684,0.0,0.0,0.0,0.0,0.0,0.0,0.0,0.0,0.0,0.0
16390N2,3760.79,0.39048,17.83727,0.0,0.0,0.5882352941176471,0.3333333333333333,0.0,0.0392156862745098,0.0392156862745098,0.0,0.0,0.0,0.0,0.0,0.0,0.0,0.0,0.0
19450N2,2185.59,0.373701,33.69974,0.0,0.0116279069767441,0.5,0.4302325581395348,0.0,0.0581395348837209,0.0,0.0,0.0,0.0,0.0,0.0,0.0,0.0,0.0,0.0
16010N2,1702.14,0.750297,14.33808,0.1,0.1,0.5,0.2,0.0,0.1,0.0,0.0,0.0,0.0,0.0,0.0,0.0,0.0,0.0,0.0
18090N2,2037.51,0.452534,24.82011,0.0303030303030303,0.0606060606060606,0.6060606060606061,0.303030303030303,0.0,0.0,0.0,0.0,0.0,0.0,0.0,0.0,0.0,0.0,0.0,0.0
20116N3,8264.73,0.108902,28.52567,0.0,0.0310077519379844,0.5038759689922481,0.4341085271317829,0.0,0.0310077519379844,0.0,0.0,0.0,0.0,0.0,0.0,0.0,0.0,0.0,0.0
20564N3,4271.26,0.501099,10.39141,0.04,0.12,0.48,0.32,0.0,0.0,0.0,0.0,0.0,0.0,0.0,0.0,0.04,0.0,0.0,0.0
21131N2,1656.61,0.602024,21.07537,0.0,0.0661764705882353,0.4632352941176471,0.3970588235294117,0.0,0.0735294117647058,0.0,0.0,0.0,0.0,0.0,0.0,0.0,0.0,0.0,0.0
20113N3,8800.33,0.102519,28.27167,0.0,0.0341880341880341,0.5213675213675214,0.4102564102564102,0.0,0.0341880341880341,0.0,0.0,0.0,0.0,0.0,0.0,0.0,0.0,0.0,0.0
08020N2,970.813,1.01943,8.94082,0.0,0.0,0.5714285714285714,0.2857142857142857,0.0,0.1428571428571428,0.0,0.0,0.0,0.0,0.0,0.0,0.0,0.0,0.0,0.0
19292N2,2504.74,0.580577,17.40725,0.0,0.0043859649122807,0.5833333333333334,0.3771929824561403,0.0,0.0350877192982456,0.0,0.0,0.0,0.0,0.0,0.0,0.0,0.0,0.0,0.0
07000N2,1941.56,0.44676,31.52022,0.0476190476190476,0.0952380952380952,0.5714285714285714,0.2857142857142857,0.0,0.0,0.0,0.0,0.0,0.0,0.0,0.0,0.0,0.0,0.0,0.0
19470N2,2062.72,0.511426,31.50293,0.0,0.0,0.5698924731182796,0.3655913978494624,0.0,0.064516129032258,0.0,0.0,0.0,0.0,0.0,0.0,0.0,0.0,0.0,0.0
15061N2,2430.22,0.533999,17.15189,0.0,0.0,0.5666666666666667,0.3333333333333333,0.0,0.1,0.0,0.0,0.0,0.0,0.0,0.0,0.0,0.0,0.0,0.0
14051N3,4329.75,0.470513,13.27592,0.0,0.08,0.44,0.4,0.0,0.08,0.0,0.0,0.0,0.0,0.0,0.0,0.0,0.0,0.0,0.0
19520N2,2418.24,0.457703,19.71899,0.0,0.064516129032258,0.4838709677419355,0.4193548387096774,0.0,0.032258064516129,0.0,0.0,0.0,0.0,0.0,0.0,0.0,0.0,0.0,0.0
19080N2,2017.37,0.62246,17.70188,0.0,0.1052631578947368,0.4210526315789473,0.3684210526315789,0.0,0.1052631578947368,0.0,0.0,0.0,0.0,0.0,0.0,0.0,0.0,0.0,0.0
20120N2,1473.02,0.827221,8.0509,0.0,0.0,0.5932203389830508,0.3728813559322034,0.0,0.0338983050847457,0.0,0.0,0.0,0.0,0.0,0.0,0.0,0.0,0.0,0.0
08012N2,1898.56,0.736984,12.73227,0.0769230769230769,0.1538461538461538,0.4615384615384615,0.3076923076923077,0.0,0.0,0.0,0.0,0.0,0.0,0.0,0.0,0.0,0.0,0.0,0.0
20169N2,1708.44,0.577773,23.45658,0.0,0.0,0.6020408163265306,0.3571428571428571,0.0,0.0408163265306122,0.0,0.0,0.0,0.0,0.0,0.0,0.0,0.0,0.0,0.0
16057N2,1659.2,0.581344,25.10039,0.0621761658031088,0.1243523316062176,0.5595854922279793,0.1968911917098445,0.0,0.0103626943005181,0.0466321243523316,0.0,0.0,0.0,0.0,0.0,0.0,0.0,0.0,0.0
20501N3,1889.33,0.796833,8.53839,0.0,0.1176470588235294,0.5294117647058824,0.2941176470588235,0.0,0.0588235294117647,0.0,0.0,0.0,0.0,0.0,0.0,0.0,0.0,0.0,0.0
20170N2,2359.28,0.532221,17.09377,0.0,0.0,0.5609756097560976,0.3414634146341463,0.0,0.048780487804878,0.048780487804878,0.0,0.0,0.0,0.0,0.0,0.0,0.0,0.0,0.0
15100N2,2094.95,0.392046,36.31333,0.0,0.08,0.56,0.28,0.0,0.08,0.0,0.0,0.0,0.0,0.0,0.0,0.0,0.0,0.0,0.0
15010N2,2354.05,0.502473,19.54624,0.0,0.0,0.6101694915254238,0.3559322033898305,0.0,0.0338983050847457,0.0,0.0,0.0,0.0,0.0,0.0,0.0,0.0,0.0,0.0
11001N2,2314.08,0.666972,6.13588,0.0,0.0909090909090909,0.4090909090909091,0.4090909090909091,0.0,0.0909090909090909,0.0,0.0,0.0,0.0,0.0,0.0,0.0,0.0,0.0,0.0
20590N2,1675.11,0.562376,26.30732,0.0,0.0,0.5573770491803278,0.3278688524590163,0.0,0.0983606557377049,0.0163934426229508,0.0,0.0,0.0,0.0,0.0,0.0,0.0,0.0,0.0
2016aN2,2193.3,0.46089,25.82068,0.0,0.036144578313253,0.4939759036144578,0.3855421686746988,0.0,0.0843373493975903,0.0,0.0,0.0,0.0,0.0,0.0,0.0,0.0,0.0,0.0
18122N3,1281.93,0.829418,8.03432,0.0,0.0,0.5752212389380531,0.3893805309734513,0.0,0.0353982300884955,0.0,0.0,0.0,0.0,0.0,0.0,0.0,0.0,0.0,0.0
16311N2,3853.71,0.489988,9.3168,0.0,0.0256410256410256,0.5512820512820513,0.3461538461538461,0.0,0.0769230769230769,0.0,0.0,0.0,0.0,0.0,0.0,0.0,0.0,0.0,0.0
15070N2,2059.45,0.430698,29.30552,0.0,0.0454545454545454,0.5454545454545454,0.3636363636363636,0.0,0.0454545454545454,0.0,0.0,0.0,0.0,0.0,0.0,0.0,0.0,0.0,0.0
17150N2,1969.71,0.493129,25.62212,0.0,0.0421686746987951,0.5,0.4156626506024096,0.0,0.0421686746987951,0.0,0.0,0.0,0.0,0.0,0.0,0.0,0.0,0.0,0.0
21060N2,1551.85,0.617355,24.45582,0.0,0.0294117647058823,0.5294117647058824,0.3529411764705882,0.0,0.088235294117647,0.0,0.0,0.0,0.0,0.0,0.0,0.0,0.0,0.0,0.0
14050N3,5173.0,0.394807,13.26023,0.0,0.0,0.5652173913043478,0.4347826086956521,0.0,0.0,0.0,0.0,0.0,0.0,0.0,0.0,0.0,0.0,0.0,0.0
20150N2,2028.32,0.594721,21.27537,0.0,0.0,0.5483870967741935,0.3870967741935484,0.0,0.032258064516129,0.032258064516129,0.0,0.0,0.0,0.0,0.0,0.0,0.0,0.0,0.0
17180N2,2415.49,0.52809,13.08541,0.0,0.0227272727272727,0.5227272727272727,0.3636363636363636,0.0,0.0909090909090909,0.0,0.0,0.0,0.0,0.0,0.0,0.0,0.0,0.0,0.0
19456N2,2502.44,0.347252,31.68333,0.0,0.0,0.4945054945054945,0.4395604395604395,0.0,0.0659340659340659,0.0,0.0,0.0,0.0,0.0,0.0,0.0,0.0,0.0,0.0
17161N3,5823.03,0.331563,16.46047,0.0,0.0,0.5793650793650794,0.3492063492063492,0.0,0.0634920634920634,0.0,0.0,0.0,0.0079365079365079,0.0,0.0,0.0,0.0,0.0,0.0
12012N2,1601.16,0.667524,18.712,0.0396039603960396,0.0792079207920792,0.5544554455445545,0.2772277227722772,0.0,0.0396039603960396,0.0,0.0,0.0,0.0099009900990099,0.0,0.0,0.0,0.0,0.0,0.0
17030N2,2131.77,0.41393,31.79267,0.0,0.0454545454545454,0.5454545454545454,0.3636363636363636,0.0,0.0454545454545454,0.0,0.0,0.0,0.0,0.0,0.0,0.0,0.0,0.0,0.0
20166N2,2148.02,0.466196,26.03906,0.0,0.037037037037037,0.4814814814814814,0.3703703703703703,0.0,0.1111111111111111,0.0,0.0,0.0,0.0,0.0,0.0,0.0,0.0,0.0,0.0
17220N2,2602.47,0.483209,22.19192,0.0,0.03125,0.46875,0.4375,0.0,0.03125,0.03125,0.0,0.0,0.0,0.0,0.0,0.0,0.0,0.0,0.0
13160N2,4012.26,0.357515,20.10144,0.0,0.0,0.5714285714285714,0.3428571428571428,0.0,0.0761904761904762,0.0,0.0,0.0,0.0095238095238095,0.0,0.0,0.0,0.0,0.0,0.0
15030N2,1910.89,0.581115,18.68522,0.0357142857142857,0.0357142857142857,0.5357142857142857,0.3571428571428571,0.0,0.0357142857142857,0.0,0.0,0.0,0.0,0.0,0.0,0.0,0.0,0.0,0.0
17100N2,1711.51,0.523006,29.31547,0.0,0.0952380952380952,0.5714285714285714,0.238095238095238,0.0,0.0952380952380952,0.0,0.0,0.0,0.0,0.0,0.0,0.0,0.0,0.0,0.0
16380N2,2490.58,0.311083,40.84931,0.0,0.0,0.5384615384615384,0.3461538461538461,0.0,0.1153846153846153,0.0,0.0,0.0,0.0,0.0,0.0,0.0,0.0,0.0,0.0
19430N2,1879.55,0.629044,17.18126,0.0,0.0,0.6086956521739131,0.3478260869565217,0.0,0.0434782608695652,0.0,0.0,0.0,0.0,0.0,0.0,0.0,0.0,0.0,0.0
14071N2,2283.26,0.471385,22.92074,0.0,0.0,0.5818181818181818,0.3454545454545454,0.0,0.0727272727272727,0.0,0.0,0.0,0.0,0.0,0.0,0.0,0.0,0.0,0.0
18040N3,1948.62,0.766111,7.06143,0.0,0.0412371134020618,0.5463917525773195,0.3711340206185567,0.0,0.0412371134020618,0.0,0.0,0.0,0.0,0.0,0.0,0.0,0.0,0.0,0.0
21012N2,2742.58,0.320409,30.63543,0.0,0.0851063829787234,0.5319148936170213,0.3404255319148936,0.0,0.0425531914893617,0.0,0.0,0.0,0.0,0.0,0.0,0.0,0.0,0.0,0.0
17240N3,2368.71,0.428917,25.60327,0.0,0.0,0.56,0.4,0.0,0.04,0.0,0.0,0.0,0.0,0.0,0.0,0.0,0.0,0.0,0.0
15180N2,1603.65,0.562421,27.37273,0.0268456375838926,0.1073825503355704,0.5637583892617449,0.2147651006711409,0.0,0.0805369127516778,0.0,0.0,0.0,0.0067114093959731,0.0,0.0,0.0,0.0,0.0,0.0
20600N2,1817.5,0.550916,24.65927,0.0,0.0895522388059701,0.582089552238806,0.2686567164179104,0.0,0.0597014925373134,0.0,0.0,0.0,0.0,0.0,0.0,0.0,0.0,0.0,0.0
13161N2,4041.19,0.398037,19.0418,0.0,0.0,0.5714285714285714,0.2666666666666666,0.0,0.0761904761904762,0.0,0.0,0.0,0.0095238095238095,0.0,0.0761904761904762,0.0,0.0,0.0,0.0
20470N2,2148.57,0.543008,24.5783,0.0,0.1081081081081081,0.5675675675675675,0.3243243243243243,0.0,0.0,0.0,0.0,0.0,0.0,0.0,0.0,0.0,0.0,0.0,0.0
19330N2,1912.8,0.524054,33.52491,0.0,0.0,0.6,0.3555555555555555,0.0,0.0444444444444444,0.0,0.0,0.0,0.0,0.0,0.0,0.0,0.0,0.0,0.0
19401N3,7703.98,0.30788,11.5101,0.0,0.0,0.5471698113207547,0.3773584905660377,0.0,0.0754716981132075,0.0,0.0,0.0,0.0,0.0,0.0,0.0,0.0,0.0,0.0
16331N2,2337.48,0.393362,30.60553,0.0,0.0,0.55,0.35,0.0,0.1,0.0,0.0,0.0,0.0,0.0,0.0,0.0,0.0,0.0,0.0
20580N3,2022.5,0.591588,16.24084,0.0,0.0202020202020202,0.5050505050505051,0.4141414141414141,0.0,0.0606060606060606,0.0,0.0,0.0,0.0,0.0,0.0,0.0,0.0,0.0,0.0
12061N2,1390.14,0.775717,16.97751,0.0493827160493827,0.0987654320987654,0.5432098765432098,0.1975308641975308,0.0,0.0987654320987654,0.0,0.0,0.0,0.0123456790123456,0.0,0.0,0.0,0.0,0.0,0.0
19220N2,2782.56,0.300469,37.58462,0.0,0.0,0.6,0.36,0.0,0.04,0.0,0.0,0.0,0.0,0.0,0.0,0.0,0.0,0.0,0.0
17131N2,1598.5,0.581978,28.02716,0.0,0.0,0.5666666666666667,0.3666666666666666,0.0,0.0666666666666666,0.0,0.0,0.0,0.0,0.0,0.0,0.0,0.0,0.0,0.0
20510N2,2555.56,0.424741,31.98916,0.0,0.0,0.6,0.3555555555555555,0.0,0.0444444444444444,0.0,0.0,0.0,0.0,0.0,0.0,0.0,0.0,0.0,0.0
16510N2,1700.95,0.747046,9.87643,0.0,0.0,0.5714285714285714,0.3333333333333333,0.0,0.0952380952380952,0.0,0.0,0.0,0.0,0.0,0.0,0.0,0.0,0.0,0.0
20544N2,1206.74,0.839587,12.6199,0.0,0.0377358490566037,0.5094339622641509,0.3773584905660377,0.0,0.0566037735849056,0.0,0.0,0.0,0.0,0.0,0.0,0.0188679245283018,0.0,0.0,0.0
20203N2,2036.07,0.500587,33.14216,0.0,0.0,0.6078431372549019,0.3529411764705882,0.0,0.0392156862745098,0.0,0.0,0.0,0.0,0.0,0.0,0.0,0.0,0.0,0.0
19212N2,2455.06,0.412655,26.09972,0.0,0.0,0.5185185185185185,0.4074074074074074,0.0,0.074074074074074,0.0,0.0,0.0,0.0,0.0,0.0,0.0,0.0,0.0,0.0
16230N2,1482.95,0.792045,12.37,0.0,0.0526315789473684,0.5263157894736842,0.3157894736842105,0.0,0.1052631578947368,0.0,0.0,0.0,0.0,0.0,0.0,0.0,0.0,0.0,0.0
16150N2,2009.07,0.522975,22.84674,0.0,0.0555555555555555,0.5555555555555556,0.3333333333333333,0.0,0.0555555555555555,0.0,0.0,0.0,0.0,0.0,0.0,0.0,0.0,0.0,0.0
19420N3,6091.43,0.231505,20.52716,0.0,0.0,0.5555555555555556,0.3950617283950617,0.0,0.0493827160493827,0.0,0.0,0.0,0.0,0.0,0.0,0.0,0.0,0.0,0.0
20490N2,2235.85,0.538196,22.80197,0.0,0.0256410256410256,0.5384615384615384,0.4102564102564102,0.0,0.0256410256410256,0.0,0.0,0.0,0.0,0.0,0.0,0.0,0.0,0.0,0.0
19241N3,528.042,0.871072,5.14503,0.0,0.0,0.5700934579439252,0.3925233644859813,0.0,0.0373831775700934,0.0,0.0,0.0,0.0,0.0,0.0,0.0,0.0,0.0,0.0
19421N3,6873.74,0.152124,28.07964,0.0,0.0,0.5643564356435643,0.396039603960396,0.0,0.0396039603960396,0.0,0.0,0.0,0.0,0.0,0.0,0.0,0.0,0.0,0.0
18100N2,2555.82,0.352868,33.17197,0.0,0.0526315789473684,0.5789473684210527,0.3157894736842105,0.0,0.0526315789473684,0.0,0.0,0.0,0.0,0.0,0.0,0.0,0.0,0.0,0.0
17181N2,2465.42,0.492864,20.9203,0.0,0.1,0.4,0.4,0.0,0.1,0.0,0.0,0.0,0.0,0.0,0.0,0.0,0.0,0.0,0.0
21312N2,2710.11,0.269235,45.47565,0.0,0.0,0.6071428571428571,0.3571428571428571,0.0,0.0357142857142857,0.0,0.0,0.0,0.0,0.0,0.0,0.0,0.0,0.0,0.0
21053N2,4024.0,0.352582,20.47649,0.0,0.0303030303030303,0.5454545454545454,0.404040404040404,0.0,0.0202020202020202,0.0,0.0,0.0,0.0,0.0,0.0,0.0,0.0,0.0,0.0
08000N3,4230.9,0.522061,9.86844,0.044280442804428,0.088560885608856,0.3948339483394834,0.4428044280442804,0.029520295202952,0.0,0.0,0.0,0.0,0.0,0.0,0.0,0.0,0.0,0.0,0.0
19531N2,4903.27,0.200938,35.06104,0.0,0.0,0.5714285714285714,0.3896103896103896,0.0,0.0389610389610389,0.0,0.0,0.0,0.0,0.0,0.0,0.0,0.0,0.0,0.0
18023N3,2276.92,0.621838,11.09613,0.0,0.0,0.5319148936170213,0.425531914893617,0.0,0.0425531914893617,0.0,0.0,0.0,0.0,0.0,0.0,0.0,0.0,0.0,0.0
20091N2,1990.24,0.615988,15.15651,0.0,0.0259740259740259,0.5844155844155844,0.3376623376623376,0.0,0.0519480519480519,0.0,0.0,0.0,0.0,0.0,0.0,0.0,0.0,0.0,0.0
20610N2,2164.66,0.435995,29.25245,0.0,0.0,0.55,0.35,0.0,0.1,0.0,0.0,0.0,0.0,0.0,0.0,0.0,0.0,0.0,0.0
15252N2,2062.37,0.520862,22.61732,0.0,0.0,0.5434782608695652,0.3478260869565217,0.0,0.108695652173913,0.0,0.0,0.0,0.0,0.0,0.0,0.0,0.0,0.0,0.0
12024N2,2064.66,0.429733,32.24029,0.0310077519379844,0.0620155038759689,0.5891472868217055,0.2480620155038759,0.0,0.0620155038759689,0.0,0.0,0.0077519379844961,0.0,0.0,0.0,0.0,0.0,0.0,0.0
19490N2,1950.26,0.681481,9.88561,0.0,0.0,0.5873015873015873,0.365079365079365,0.0,0.0476190476190476,0.0,0.0,0.0,0.0,0.0,0.0,0.0,0.0,0.0,0.0
13072N2,1754.65,0.595993,22.20649,0.0,0.0526315789473684,0.4736842105263157,0.3684210526315789,0.0,0.1052631578947368,0.0,0.0,0.0,0.0,0.0,0.0,0.0,0.0,0.0,0.0
21190N2,2224.89,0.353013,41.18521,0.0,0.0535714285714285,0.5178571428571429,0.3392857142857143,0.0,0.0892857142857142,0.0,0.0,0.0,0.0,0.0,0.0,0.0,0.0,0.0,0.0
13075N2,1341.5,0.82531,15.59333,0.0,0.0833333333333333,0.5,0.25,0.0,0.0833333333333333,0.0,0.0,0.0,0.0,0.0,0.0833333333333333,0.0,0.0,0.0,0.0
19441N2,321.772,1.26432,4.88517,0.0,0.0,0.5369127516778524,0.348993288590604,0.0,0.1073825503355704,0.0,0.0,0.0067114093959731,0.0,0.0,0.0,0.0,0.0,0.0,0.0
12060N2,1387.27,0.777322,16.97751,0.0493827160493827,0.0987654320987654,0.5432098765432098,0.1975308641975308,0.0,0.0987654320987654,0.0,0.0,0.0123456790123456,0.0,0.0,0.0,0.0,0.0,0.0,0.0
17190N2,2095.65,0.560084,16.67363,0.0,0.0,0.569620253164557,0.379746835443038,0.0,0.050632911392405,0.0,0.0,0.0,0.0,0.0,0.0,0.0,0.0,0.0,0.0
09000N3,3250.94,0.545319,9.35856,0.0,0.0,0.5616438356164384,0.3835616438356164,0.0,0.0547945205479452,0.0,0.0,0.0,0.0,0.0,0.0,0.0,0.0,0.0,0.0
12011N2,1592.39,0.668765,18.72706,0.0396039603960396,0.0792079207920792,0.5544554455445545,0.2772277227722772,0.0,0.0396039603960396,0.0,0.0,0.0099009900990099,0.0,0.0,0.0,0.0,0.0,0.0,0.0
19041N2,2006.69,0.501009,25.07646,0.0,0.0714285714285714,0.5238095238095238,0.2857142857142857,0.0,0.0952380952380952,0.0,0.0,0.0,0.0,0.0,0.0,0.0,0.0,0.0238095238095238,0.0
21110N3,6772.52,0.215582,23.05723,0.0,0.0,0.5842696629213483,0.348314606741573,0.0,0.0674157303370786,0.0,0.0,0.0,0.0,0.0,0.0,0.0,0.0,0.0,0.0
15170N2,1515.13,0.806596,10.81126,0.0,0.0,0.6296296296296297,0.3333333333333333,0.0,0.037037037037037,0.0,0.0,0.0,0.0,0.0,0.0,0.0,0.0,0.0,0.0
14040N2,2158.09,0.391468,34.3671,0.0,0.064516129032258,0.4838709677419355,0.3870967741935484,0.0,0.064516129032258,0.0,0.0,0.0,0.0,0.0,0.0,0.0,0.0,0.0,0.0
15040N2,1655.39,0.758374,12.30214,0.0,0.0,0.5789473684210527,0.3684210526315789,0.0,0.0526315789473684,0.0,0.0,0.0,0.0,0.0,0.0,0.0,0.0,0.0,0.0
16142N2,2445.54,0.374905,31.14894,0.0,0.0,0.5714285714285714,0.3809523809523809,0.0,0.0476190476190476,0.0,0.0,0.0,0.0,0.0,0.0,0.0,0.0,0.0,0.0
20130N2,1655.89,0.581431,27.54388,0.0,0.0,0.5714285714285714,0.3333333333333333,0.0,0.0476190476190476,0.0,0.0,0.0,0.0,0.0,0.0,0.0,0.0,0.0,0.0476190476190476
19230N2,2186.48,0.50258,18.893,0.0,0.0129870129870129,0.5584415584415584,0.3766233766233766,0.0,0.0519480519480519,0.0,0.0,0.0,0.0,0.0,0.0,0.0,0.0,0.0,0.0
20211N2,2096.07,0.538649,20.2998,0.0,0.0,0.5625,0.40625,0.0,0.03125,0.0,0.0,0.0,0.0,0.0,0.0,0.0,0.0,0.0,0.0
20051N2,1916.83,0.51313,26.26799,0.0,0.0300751879699248,0.5714285714285714,0.3308270676691729,0.0,0.0601503759398496,0.0,0.0075187969924812,0.0,0.0,0.0,0.0,0.0,0.0,0.0,0.0
17050N2,2224.45,0.4697,24.86396,0.0,0.0,0.52,0.4,0.0,0.04,0.04,0.0,0.0,0.0,0.0,0.0,0.0,0.0,0.0,0.0
19101N2,1422.6,0.754903,18.31073,0.0,0.1428571428571428,0.6428571428571429,0.2142857142857142,0.0,0.0,0.0,0.0,0.0,0.0,0.0,0.0,0.0,0.0,0.0,0.0
19363N2,2153.24,0.408946,33.62292,0.0,0.0357142857142857,0.5357142857142857,0.3571428571428571,0.0,0.0357142857142857,0.0357142857142857,0.0,0.0,0.0,0.0,0.0,0.0,0.0,0.0,0.0
12050N2,1146.66,0.903296,9.50439,0.0625,0.0,0.5,0.375,0.0,0.0625,0.0,0.0,0.0,0.0,0.0,0.0,0.0,0.0,0.0,0.0
19411N2,1862.29,0.522701,36.19593,0.0,0.0,0.6071428571428571,0.3571428571428571,0.0,0.0357142857142857,0.0,0.0,0.0,0.0,0.0,0.0,0.0,0.0,0.0,0.0
14073N2,4745.05,0.312968,20.23652,0.0,0.0408163265306122,0.5714285714285714,0.3469387755102041,0.0,0.0408163265306122,0.0,0.0,0.0,0.0,0.0,0.0,0.0,0.0,0.0,0.0
07010N3,5075.23,0.420553,9.04156,0.0816326530612244,0.0816326530612244,0.5102040816326531,0.3265306122448979,0.0,0.0,0.0,0.0,0.0,0.0,0.0,0.0,0.0,0.0,0.0,0.0
20410N2,2294.62,0.498816,27.2711,0.0,0.0512820512820512,0.5384615384615384,0.358974358974359,0.0,0.0512820512820512,0.0,0.0,0.0,0.0,0.0,0.0,0.0,0.0,0.0,0.0
20300N2,2210.47,0.516143,20.10559,0.0,0.0357142857142857,0.5357142857142857,0.3214285714285714,0.0,0.1071428571428571,0.0,0.0,0.0,0.0,0.0,0.0,0.0,0.0,0.0,0.0
15251N2,1993.4,0.535897,22.78767,0.0,0.0,0.5531914893617021,0.3617021276595745,0.0,0.0851063829787234,0.0,0.0,0.0,0.0,0.0,0.0,0.0,0.0,0.0,0.0
21020N2,4002.17,0.513434,8.21562,0.0,0.0,0.532608695652174,0.4347826086956521,0.0,0.0326086956521739,0.0,0.0,0.0,0.0,0.0,0.0,0.0,0.0,0.0,0.0
19464N2,2096.02,0.51612,21.51492,0.0,0.0526315789473684,0.4736842105263157,0.4210526315789473,0.0,0.0526315789473684,0.0,0.0,0.0,0.0,0.0,0.0,0.0,0.0,0.0,0.0
13150N2,1707.59,0.594918,22.85845,0.0,0.0588235294117647,0.5294117647058824,0.3529411764705882,0.0,0.0588235294117647,0.0,0.0,0.0,0.0,0.0,0.0,0.0,0.0,0.0,0.0
18030N2,1818.87,0.764414,7.81506,0.0,0.0,0.5833333333333334,0.375,0.0,0.0416666666666666,0.0,0.0,0.0,0.0,0.0,0.0,0.0,0.0,0.0,0.0
20280N2,1915.03,0.618262,15.79014,0.0,0.0,0.5952380952380952,0.3571428571428571,0.0,0.0476190476190476,0.0,0.0,0.0,0.0,0.0,0.0,0.0,0.0,0.0,0.0
20403N2,4881.5,0.499717,10.56287,0.0,0.0,0.5957446808510638,0.3617021276595745,0.0,0.0425531914893617,0.0,0.0,0.0,0.0,0.0,0.0,0.0,0.0,0.0,0.0
20460N2,796.366,1.08544,10.56229,0.0,0.0588235294117647,0.3823529411764705,0.2352941176470588,0.0,0.0588235294117647,0.0,0.0,0.0,0.0,0.0,0.2647058823529412,0.0,0.0,0.0,0.0
21310N2,2531.09,0.41957,23.04945,0.0,0.0,0.6229508196721312,0.3442622950819672,0.0,0.0327868852459016,0.0,0.0,0.0,0.0,0.0,0.0,0.0,0.0,0.0,0.0
16130N3,6289.7,0.146333,31.72634,0.0424028268551236,0.0848056537102473,0.6042402826855123,0.254416961130742,0.0,0.0,0.0,0.0141342756183745,0.0,0.0,0.0,0.0,0.0,0.0,0.0,0.0
19060N2,1966.12,0.583835,15.65803,0.0,0.0096153846153846,0.5576923076923077,0.3846153846153846,0.0,0.048076923076923,0.0,0.0,0.0,0.0,0.0,0.0,0.0,0.0,0.0,0.0
20282N2,1784.44,0.632043,20.5796,0.0,0.0,0.5818181818181818,0.3636363636363636,0.0,0.0545454545454545,0.0,0.0,0.0,0.0,0.0,0.0,0.0,0.0,0.0,0.0
20190N2,2269.58,0.42343,25.64462,0.0,0.0,0.5641025641025641,0.358974358974359,0.0,0.0512820512820512,0.0256410256410256,0.0,0.0,0.0,0.0,0.0,0.0,0.0,0.0,0.0
19260N2,1477.47,0.781933,11.16368,0.0,0.0,0.5862068965517241,0.3103448275862069,0.0,0.1034482758620689,0.0,0.0,0.0,0.0,0.0,0.0,0.0,0.0,0.0,0.0
15140N2,2352.2,0.363533,32.2827,0.0,0.0,0.5454545454545454,0.4090909090909091,0.0,0.0454545454545454,0.0,0.0,0.0,0.0,0.0,0.0,0.0,0.0,0.0,0.0
17020N2,1947.95,0.530409,22.4178,0.0,0.0625,0.5,0.3125,0.0,0.125,0.0,0.0,0.0,0.0,0.0,0.0,0.0,0.0,0.0,0.0
21140N2,1544.49,0.778051,11.34279,0.0,0.0175438596491228,0.5614035087719298,0.3508771929824561,0.0,0.0701754385964912,0.0,0.0,0.0,0.0,0.0,0.0,0.0,0.0,0.0,0.0
20160N2,2007.5,0.516247,25.57282,0.0,0.0571428571428571,0.5142857142857142,0.4,0.0,0.0285714285714285,0.0,0.0,0.0,0.0,0.0,0.0,0.0,0.0,0.0,0.0
21230N2,5014.8,0.439893,10.07568,0.0,0.0521739130434782,0.417391304347826,0.4695652173913043,0.0,0.0608695652173913,0.0,0.0,0.0,0.0,0.0,0.0,0.0,0.0,0.0,0.0
21111N3,2814.76,0.598089,9.58888,0.0,0.0,0.5167785234899329,0.4630872483221476,0.0,0.0201342281879194,0.0,0.0,0.0,0.0,0.0,0.0,0.0,0.0,0.0,0.0
20491N2,1907.78,0.687281,18.73247,0.0,0.0256410256410256,0.5384615384615384,0.4102564102564102,0.0,0.0256410256410256,0.0,0.0,0.0,0.0,0.0,0.0,0.0,0.0,0.0,0.0
19210N2,2422.43,0.406917,27.59709,0.0,0.0,0.5294117647058824,0.392156862745098,0.0,0.0784313725490196,0.0,0.0,0.0,0.0,0.0,0.0,0.0,0.0,0.0,0.0
19362N2,2173.88,0.373694,36.72689,0.0,0.0,0.5833333333333334,0.3333333333333333,0.0,0.0416666666666666,0.0416666666666666,0.0,0.0,0.0,0.0,0.0,0.0,0.0,0.0,0.0
15101N2,1511.65,0.681698,22.16326,0.0,0.1875,0.5,0.1875,0.0,0.125,0.0,0.0,0.0,0.0,0.0,0.0,0.0,0.0,0.0,0.0
20310N2,5844.45,0.207679,28.9663,0.0,0.0,0.5454545454545454,0.3818181818181818,0.0,0.0545454545454545,0.0,0.0,0.0,0.0,0.0,0.0,0.0181818181818181,0.0,0.0,0.0
21130N2,2410.77,0.49363,21.09238,0.0,0.0277777777777777,0.5277777777777778,0.3611111111111111,0.0,0.0833333333333333,0.0,0.0,0.0,0.0,0.0,0.0,0.0,0.0,0.0,0.0
16450N2,4003.15,0.361779,20.44724,0.0,0.0,0.5660377358490566,0.3584905660377358,0.0,0.0754716981132075,0.0,0.0,0.0,0.0,0.0,0.0,0.0,0.0,0.0,0.0
16141N2,2205.15,0.410772,30.56193,0.0,0.0454545454545454,0.5454545454545454,0.3636363636363636,0.0,0.0454545454545454,0.0,0.0,0.0,0.0,0.0,0.0,0.0,0.0,0.0,0.0
21201N2,2561.52,0.578522,14.26724,0.0,0.0363636363636363,0.5454545454545454,0.3454545454545454,0.0,0.0727272727272727,0.0,0.0,0.0,0.0,0.0,0.0,0.0,0.0,0.0,0.0
16340N2,3109.03,0.497826,14.05373,0.0,0.048780487804878,0.5365853658536586,0.3170731707317073,0.0,0.0975609756097561,0.0,0.0,0.0,0.0,0.0,0.0,0.0,0.0,0.0,0.0
18161N2,1608.91,0.716559,16.89116,0.0,0.0,0.5769230769230769,0.2692307692307692,0.0,0.1153846153846153,0.0384615384615384,0.0,0.0,0.0,0.0,0.0,0.0,0.0,0.0,0.0
19181N2,2037.93,0.521754,25.68521,0.0,0.0625,0.5,0.3125,0.0,0.125,0.0,0.0,0.0,0.0,0.0,0.0,0.0,0.0,0.0,0.0
14060N2,3438.42,0.413466,18.55947,0.0,0.0,0.5609756097560976,0.3414634146341463,0.0,0.048780487804878,0.048780487804878,0.0,0.0,0.0,0.0,0.0,0.0,0.0,0.0,0.0
17155N2,1450.7,0.632277,19.382,0.0,0.073394495412844,0.4587155963302752,0.4311926605504587,0.0,0.036697247706422,0.0,0.0,0.0,0.0,0.0,0.0,0.0,0.0,0.0,0.0
07001N2,1108.61,0.996063,9.14896,0.0714285714285714,0.1428571428571428,0.5714285714285714,0.2142857142857142,0.0,0.0,0.0,0.0,0.0,0.0,0.0,0.0,0.0,0.0,0.0,0.0
20380N2,1784.54,0.58779,22.84761,0.0,0.0714285714285714,0.5,0.2142857142857142,0.0,0.1428571428571428,0.0714285714285714,0.0,0.0,0.0,0.0,0.0,0.0,0.0,0.0,0.0
16370N2,1004.1,1.03186,6.73972,0.0,0.0,0.5,0.25,0.0,0.25,0.0,0.0,0.0,0.0,0.0,0.0,0.0,0.0,0.0,0.0
09010N2,1310.76,0.869092,13.70782,0.0714285714285714,0.0714285714285714,0.5714285714285714,0.2857142857142857,0.0,0.0,0.0,0.0,0.0,0.0,0.0,0.0,0.0,0.0,0.0,0.0
19570N2,1904.23,0.579217,18.27023,0.0,0.0,0.5813953488372093,0.3488372093023256,0.0,0.0697674418604651,0.0,0.0,0.0,0.0,0.0,0.0,0.0,0.0,0.0,0.0
13140N2,1019.7,1.05262,8.1834,0.1818181818181818,0.1818181818181818,0.3636363636363636,0.1818181818181818,0.0,0.0,0.0909090909090909,0.0,0.0,0.0,0.0,0.0,0.0,0.0,0.0,0.0
20031N2,1237.06,0.799548,16.09988,0.0196078431372549,0.0980392156862745,0.4313725490196078,0.3725490196078431,0.0,0.0784313725490196,0.0,0.0,0.0,0.0,0.0,0.0,0.0,0.0,0.0,0.0
20471N2,2239.16,0.429975,27.69353,0.0,0.0952380952380952,0.5714285714285714,0.3333333333333333,0.0,0.0,0.0,0.0,0.0,0.0,0.0,0.0,0.0,0.0,0.0,0.0
17151N2,1931.81,0.510773,24.50352,0.0,0.0542168674698795,0.5,0.4036144578313253,0.0,0.0421686746987951,0.0,0.0,0.0,0.0,0.0,0.0,0.0,0.0,0.0,0.0
20651N3,1438.82,0.870706,9.32717,0.0,0.0222222222222222,0.5333333333333333,0.3555555555555555,0.0,0.0666666666666666,0.0,0.0,0.0,0.0,0.0,0.0222222222222222,0.0,0.0,0.0,0.0
20540N2,815.662,1.07152,7.57719,0.0,0.05,0.5,0.35,0.0,0.075,0.0,0.0,0.0,0.0,0.0,0.0,0.025,0.0,0.0,0.0
21030N2,1484.82,0.644963,19.57498,0.0,0.0,0.5925925925925926,0.3703703703703703,0.0,0.037037037037037,0.0,0.0,0.0,0.0,0.0,0.0,0.0,0.0,0.0,0.0
19240N3,556.699,0.865448,5.86904,0.0,0.0,0.5841584158415841,0.3762376237623762,0.0,0.0396039603960396,0.0,0.0,0.0,0.0,0.0,0.0,0.0,0.0,0.0,0.0
19182N2,2610.27,0.329164,38.83476,0.0,0.08,0.48,0.32,0.0,0.12,0.0,0.0,0.0,0.0,0.0,0.0,0.0,0.0,0.0,0.0
13060N2,2035.0,0.618866,13.01888,0.0,0.0,0.5945945945945946,0.3513513513513513,0.0,0.054054054054054,0.0,0.0,0.0,0.0,0.0,0.0,0.0,0.0,0.0,0.0
16430N2,4342.55,0.440988,12.08106,0.0,0.0344827586206896,0.4482758620689655,0.4827586206896552,0.0,0.0344827586206896,0.0,0.0,0.0,0.0,0.0,0.0,0.0,0.0,0.0,0.0
16332N3,5144.89,0.275377,17.51716,0.0,0.1379310344827586,0.5172413793103449,0.2758620689655172,0.0,0.0689655172413793,0.0,0.0,0.0,0.0,0.0,0.0,0.0,0.0,0.0,0.0
20151N2,2016.15,0.575682,21.84179,0.0,0.0,0.5862068965517241,0.3448275862068966,0.0,0.0344827586206896,0.0344827586206896,0.0,0.0,0.0,0.0,0.0,0.0,0.0,0.0,0.0
19022N3,6664.38,0.343281,10.98008,0.0,0.0519480519480519,0.5324675324675324,0.3116883116883117,0.0,0.0519480519480519,0.0,0.0,0.0,0.0,0.0,0.0,0.0,0.0519480519480519,0.0,0.0
16351N2,1851.96,0.607177,23.4697,0.0384615384615384,0.1153846153846153,0.5,0.3076923076923077,0.0,0.0,0.0384615384615384,0.0,0.0,0.0,0.0,0.0,0.0,0.0,0.0,0.0
21100N2,2429.65,0.408199,27.68757,0.0,0.0,0.6111111111111112,0.3055555555555556,0.0,0.0555555555555555,0.0138888888888888,0.0,0.0,0.0,0.0,0.0138888888888888,0.0,0.0,0.0,0.0
16200N2,1918.32,0.733503,12.96834,0.0,0.25,0.375,0.25,0.0,0.0625,0.0625,0.0,0.0,0.0,0.0,0.0,0.0,0.0,0.0,0.0
19281N2,2012.03,0.533802,29.55916,0.0,0.0408163265306122,0.5510204081632653,0.3673469387755102,0.0,0.0408163265306122,0.0,0.0,0.0,0.0,0.0,0.0,0.0,0.0,0.0,0.0
20563N3,2127.92,0.809619,8.28131,0.0476190476190476,0.1428571428571428,0.4761904761904761,0.2857142857142857,0.0,0.0,0.0,0.0,0.0,0.0,0.0,0.0,0.0476190476190476,0.0,0.0,0.0
20052N2,1909.05,0.515219,26.26799,0.0,0.0300751879699248,0.5714285714285714,0.3308270676691729,0.0,0.0601503759398496,0.0,0.0,0.0,0.0075187969924812,0.0,0.0,0.0,0.0,0.0,0.0
16173N2,2398.78,0.395166,31.48265,0.0,0.0,0.6111111111111112,0.3194444444444444,0.0,0.0555555555555555,0.0138888888888888,0.0,0.0,0.0,0.0,0.0,0.0,0.0,0.0,0.0
16031N2,2401.96,0.459652,20.89927,0.0,0.0,0.5087719298245614,0.4035087719298245,0.0,0.087719298245614,0.0,0.0,0.0,0.0,0.0,0.0,0.0,0.0,0.0,0.0
21311N3,1968.21,0.567372,21.70429,0.0,0.0,0.6229508196721312,0.3442622950819672,0.0,0.0327868852459016,0.0,0.0,0.0,0.0,0.0,0.0,0.0,0.0,0.0,0.0
13020N2,4408.98,0.2551,28.38023,0.0576923076923076,0.1153846153846153,0.5576923076923077,0.2692307692307692,0.0,0.0,0.0,0.0,0.0,0.0,0.0,0.0,0.0,0.0,0.0,0.0
20652N2,1535.69,0.904244,9.79025,0.0,0.0,0.5609756097560976,0.3170731707317073,0.0,0.073170731707317,0.0,0.0,0.0,0.0,0.0,0.024390243902439,0.0,0.024390243902439,0.0,0.0
20153N2,1987.33,0.591735,21.3734,0.0,0.0,0.5714285714285714,0.3214285714285714,0.0,0.0714285714285714,0.0357142857142857,0.0,0.0,0.0,0.0,0.0,0.0,0.0,0.0,0.0
15200N3,5013.41,0.55678,8.20958,0.0,0.1379310344827586,0.5172413793103449,0.2758620689655172,0.0,0.0689655172413793,0.0,0.0,0.0,0.0,0.0,0.0,0.0,0.0,0.0,0.0
20450N2,2589.88,0.514154,14.87352,0.0,0.0,0.5909090909090909,0.3863636363636363,0.0,0.0227272727272727,0.0,0.0,0.0,0.0,0.0,0.0,0.0,0.0,0.0,0.0
20311N2,7876.79,0.169088,34.43726,0.0,0.0,0.5571428571428572,0.3857142857142857,0.0,0.0428571428571428,0.0,0.0,0.0,0.0,0.0,0.0,0.0142857142857142,0.0,0.0,0.0
18110N2,1699.98,0.687086,16.51788,0.0,0.0,0.5957446808510638,0.3617021276595745,0.0,0.0425531914893617,0.0,0.0,0.0,0.0,0.0,0.0,0.0,0.0,0.0,0.0
14072N2,4493.87,0.312968,21.4664,0.0,0.0408163265306122,0.5714285714285714,0.3469387755102041,0.0,0.0408163265306122,0.0,0.0,0.0,0.0,0.0,0.0,0.0,0.0,0.0,0.0
16011N2,2201.6,0.422249,29.37192,0.05,0.05,0.55,0.3,0.0,0.05,0.0,0.0,0.0,0.0,0.0,0.0,0.0,0.0,0.0,0.0
20220N2,2172.46,0.578389,16.06764,0.0,0.0,0.4878048780487805,0.3414634146341463,0.0,0.1463414634146341,0.024390243902439,0.0,0.0,0.0,0.0,0.0,0.0,0.0,0.0,0.0
20201N2,1936.45,0.606834,17.24318,0.0,0.0,0.6274509803921569,0.3333333333333333,0.0,0.0392156862745098,0.0,0.0,0.0,0.0,0.0,0.0,0.0,0.0,0.0,0.0
20402N2,3465.59,0.461471,13.579,0.0,0.04,0.52,0.4,0.0,0.04,0.0,0.0,0.0,0.0,0.0,0.0,0.0,0.0,0.0,0.0
20530N2,2923.26,0.536625,19.42127,0.0,0.1034482758620689,0.5689655172413793,0.2586206896551724,0.0,0.0689655172413793,0.0,0.0,0.0,0.0,0.0,0.0,0.0,0.0,0.0,0.0
21251N2,2308.32,0.467698,23.78086,0.0,0.0666666666666666,0.4666666666666667,0.3333333333333333,0.0,0.1333333333333333,0.0,0.0,0.0,0.0,0.0,0.0,0.0,0.0,0.0,0.0
18143N3,8329.8,0.109984,35.0199,0.0,0.0,0.5849056603773585,0.3773584905660377,0.0,0.0377358490566037,0.0,0.0,0.0,0.0,0.0,0.0,0.0,0.0,0.0,0.0
19283N2,1867.26,0.597348,28.3007,0.0,0.0377358490566037,0.5471698113207547,0.3396226415094339,0.0,0.0377358490566037,0.0377358490566037,0.0,0.0,0.0,0.0,0.0,0.0,0.0,0.0,0.0
19352N2,1894.98,0.605788,24.40536,0.0,0.0,0.6388888888888888,0.3333333333333333,0.0,0.0277777777777777,0.0,0.0,0.0,0.0,0.0,0.0,0.0,0.0,0.0,0.0
15183N2,1608.62,0.560685,27.37273,0.0268456375838926,0.1073825503355704,0.5637583892617449,0.2147651006711409,0.0,0.0805369127516778,0.0,0.0067114093959731,0.0,0.0,0.0,0.0,0.0,0.0,0.0,0.0
16020N2,1986.38,0.557269,21.2104,0.0,0.15,0.4,0.35,0.0,0.1,0.0,0.0,0.0,0.0,0.0,0.0,0.0,0.0,0.0,0.0
13011N2,1495.99,0.497001,37.4441,0.0285714285714285,0.0571428571428571,0.6285714285714286,0.2857142857142857,0.0,0.0,0.0,0.0,0.0,0.0,0.0,0.0,0.0,0.0,0.0,0.0
16350N2,1775.47,0.502317,29.99816,0.0526315789473684,0.1052631578947368,0.5789473684210527,0.2105263157894736,0.0,0.0,0.0526315789473684,0.0,0.0,0.0,0.0,0.0,0.0,0.0,0.0,0.0
15021N2,5092.18,0.30371,22.4952,0.0,0.0701754385964912,0.5263157894736842,0.2982456140350877,0.0,0.1052631578947368,0.0,0.0,0.0,0.0,0.0,0.0,0.0,0.0,0.0,0.0
21271N3,2339.87,0.720061,8.15208,0.0,0.0,0.5867768595041323,0.3801652892561983,0.0,0.0330578512396694,0.0,0.0,0.0,0.0,0.0,0.0,0.0,0.0,0.0,0.0
20140N2,1688.27,0.770438,8.96948,0.0,0.0289855072463768,0.5652173913043478,0.3768115942028985,0.0,0.0289855072463768,0.0,0.0,0.0,0.0,0.0,0.0,0.0,0.0,0.0,0.0
11000N2,2655.65,0.560101,17.20303,0.0,0.0909090909090909,0.4090909090909091,0.4090909090909091,0.0,0.0909090909090909,0.0,0.0,0.0,0.0,0.0,0.0,0.0,0.0,0.0,0.0
16360N2,2113.18,0.53333,21.85709,0.0,0.0689655172413793,0.5172413793103449,0.3103448275862069,0.0,0.1034482758620689,0.0,0.0,0.0,0.0,0.0,0.0,0.0,0.0,0.0,0.0
18032N2,2133.83,0.589329,16.28451,0.0,0.0,0.5774647887323944,0.3943661971830985,0.0,0.028169014084507,0.0,0.0,0.0,0.0,0.0,0.0,0.0,0.0,0.0,0.0
10000N2,1252.87,0.904999,10.99477,0.0,0.0,0.6,0.3,0.0,0.1,0.0,0.0,0.0,0.0,0.0,0.0,0.0,0.0,0.0,0.0
16260N2,823.549,0.758254,13.527,0.0,0.0625,0.375,0.46875,0.0,0.0625,0.03125,0.0,0.0,0.0,0.0,0.0,0.0,0.0,0.0,0.0
20671N2,1325.05,0.888223,15.23076,0.0,0.0,0.6190476190476191,0.3571428571428571,0.0,0.0238095238095238,0.0,0.0,0.0,0.0,0.0,0.0,0.0,0.0,0.0,0.0
20030N2,1152.32,0.772632,17.87167,0.0204081632653061,0.1020408163265306,0.4081632653061224,0.3877551020408163,0.0,0.0816326530612244,0.0,0.0,0.0,0.0,0.0,0.0,0.0,0.0,0.0,0.0
15253N2,2083.8,0.515201,22.44368,0.0,0.0,0.5333333333333333,0.3333333333333333,0.0,0.1333333333333333,0.0,0.0,0.0,0.0,0.0,0.0,0.0,0.0,0.0,0.0
19020N3,6827.64,0.303867,11.92097,0.0,0.0519480519480519,0.5324675324675324,0.3116883116883117,0.0,0.0519480519480519,0.0,0.0,0.0,0.0,0.0,0.0519480519480519,0.0,0.0,0.0,0.0
19466N2,1979.13,0.477852,29.22245,0.0,0.08,0.48,0.4,0.0,0.04,0.0,0.0,0.0,0.0,0.0,0.0,0.0,0.0,0.0,0.0
18142N3,7584.71,0.141689,30.32292,0.0,0.0,0.5664335664335665,0.3776223776223776,0.0,0.0559440559440559,0.0,0.0,0.0,0.0,0.0,0.0,0.0,0.0,0.0,0.0
20543N2,1123.67,0.872037,10.83606,0.0,0.0357142857142857,0.5,0.3928571428571428,0.0,0.0535714285714285,0.0,0.0,0.0,0.0,0.0,0.0,0.0178571428571428,0.0,0.0,0.0
16053N2,1854.02,0.515595,24.93805,0.0483870967741935,0.0967741935483871,0.5967741935483871,0.2580645161290322,0.0,0.0,0.0,0.0,0.0,0.0,0.0,0.0,0.0,0.0,0.0,0.0
19530N2,2477.07,0.389822,27.86404,0.0,0.0,0.5671641791044776,0.3880597014925373,0.0,0.044776119402985,0.0,0.0,0.0,0.0,0.0,0.0,0.0,0.0,0.0,0.0
21034N2,1696.83,0.78137,9.46002,0.0,0.0,0.5925925925925926,0.3703703703703703,0.0,0.037037037037037,0.0,0.0,0.0,0.0,0.0,0.0,0.0,0.0,0.0,0.0
20320N2,2523.38,0.339306,36.22341,0.0,0.0,0.56,0.36,0.0,0.08,0.0,0.0,0.0,0.0,0.0,0.0,0.0,0.0,0.0,0.0
17191N2,1949.64,0.632066,15.41149,0.0,0.0,0.5492957746478874,0.380281690140845,0.0,0.0704225352112676,0.0,0.0,0.0,0.0,0.0,0.0,0.0,0.0,0.0,0.0
19460N2,1859.08,0.619785,16.4355,0.0,0.0434782608695652,0.5217391304347826,0.3478260869565217,0.0,0.0869565217391304,0.0,0.0,0.0,0.0,0.0,0.0,0.0,0.0,0.0,0.0
05001N2,1715.89,0.583969,23.65787,0.0625,0.125,0.5625,0.25,0.0,0.0,0.0,0.0,0.0,0.0,0.0,0.0,0.0,0.0,0.0,0.0
15240N2,1984.71,0.455936,28.40894,0.0,0.0,0.5185185185185185,0.4074074074074074,0.0,0.074074074074074,0.0,0.0,0.0,0.0,0.0,0.0,0.0,0.0,0.0,0.0
16490N2,1384.15,0.917615,10.27456,0.0,0.0,0.375,0.375,0.0,0.1875,0.0,0.0,0.0,0.0,0.0,0.0,0.0625,0.0,0.0,0.0
13142N2,1204.21,0.917041,12.71089,0.1428571428571428,0.1428571428571428,0.4285714285714285,0.1428571428571428,0.0,0.0,0.1428571428571428,0.0,0.0,0.0,0.0,0.0,0.0,0.0,0.0,0.0
19451N2,2406.12,0.354589,33.81681,0.0,0.0114942528735632,0.5287356321839081,0.4022988505747126,0.0,0.057471264367816,0.0,0.0,0.0,0.0,0.0,0.0,0.0,0.0,0.0,0.0
19550N2,1744.99,0.59689,19.29454,0.0,0.0,0.5614035087719298,0.3684210526315789,0.0,0.0701754385964912,0.0,0.0,0.0,0.0,0.0,0.0,0.0,0.0,0.0,0.0
15072N2,4353.82,0.351193,18.47163,0.0,0.0357142857142857,0.5357142857142857,0.3571428571428571,0.0,0.0714285714285714,0.0,0.0,0.0,0.0,0.0,0.0,0.0,0.0,0.0,0.0
17170N2,1667.96,0.716186,11.99864,0.0,0.0172413793103448,0.5689655172413793,0.3620689655172414,0.0,0.0517241379310344,0.0,0.0,0.0,0.0,0.0,0.0,0.0,0.0,0.0,0.0
19070N2,1925.0,0.511162,28.83691,0.0,0.0476190476190476,0.5238095238095238,0.2857142857142857,0.0,0.1428571428571428,0.0,0.0,0.0,0.0,0.0,0.0,0.0,0.0,0.0,0.0
07002N2,1584.87,0.698051,16.54198,0.0416666666666666,0.0833333333333333,0.5833333333333334,0.2916666666666667,0.0,0.0,0.0,0.0,0.0,0.0,0.0,0.0,0.0,0.0,0.0,0.0
19003N3,6956.97,0.288804,11.12571,0.0,0.0,0.5728155339805825,0.3495145631067961,0.0,0.0388349514563106,0.0388349514563106,0.0,0.0,0.0,0.0,0.0,0.0,0.0,0.0,0.0
16030N2,2203.78,0.428418,26.13967,0.0,0.0,0.5555555555555556,0.3555555555555555,0.0,0.0888888888888888,0.0,0.0,0.0,0.0,0.0,0.0,0.0,0.0,0.0,0.0
21291N3,3315.45,0.378666,23.32506,0.0,0.0,0.5612903225806452,0.3483870967741935,0.0,0.0516129032258064,0.0387096774193548,0.0,0.0,0.0,0.0,0.0,0.0,0.0,0.0,0.0
17156N2,605.885,1.0499,5.56789,0.0,0.0714285714285714,0.4553571428571428,0.4375,0.0,0.0357142857142857,0.0,0.0,0.0,0.0,0.0,0.0,0.0,0.0,0.0,0.0
20653N2,1286.39,1.02561,9.20487,0.0,0.0,0.5454545454545454,0.3409090909090909,0.0,0.0681818181818181,0.0,0.0,0.0,0.0,0.0,0.0227272727272727,0.0,0.0,0.0,0.0227272727272727
13182N3,941.577,1.05108,6.14398,0.0,0.0571428571428571,0.4857142857142857,0.4,0.0,0.0571428571428571,0.0,0.0,0.0,0.0,0.0,0.0,0.0,0.0,0.0,0.0
19462N2,2029.64,0.554043,19.7347,0.0,0.0714285714285714,0.5,0.3571428571428571,0.0,0.0714285714285714,0.0,0.0,0.0,0.0,0.0,0.0,0.0,0.0,0.0,0.0
19130N2,1898.53,0.574802,19.47106,0.0,0.0,0.5964912280701754,0.3333333333333333,0.0,0.0701754385964912,0.0,0.0,0.0,0.0,0.0,0.0,0.0,0.0,0.0,0.0
20250N2,2628.03,0.311939,39.10948,0.0,0.0,0.5416666666666666,0.375,0.0,0.0833333333333333,0.0,0.0,0.0,0.0,0.0,0.0,0.0,0.0,0.0,0.0
13191N2,1801.46,0.602487,20.27141,0.0,0.0344827586206896,0.5172413793103449,0.4137931034482758,0.0,0.0344827586206896,0.0,0.0,0.0,0.0,0.0,0.0,0.0,0.0,0.0,0.0
20521N3,2034.07,0.629826,14.50976,0.0,0.0,0.6,0.3666666666666666,0.0,0.0333333333333333,0.0,0.0,0.0,0.0,0.0,0.0,0.0,0.0,0.0,0.0
21101N2,2352.44,0.42443,27.0837,0.0,0.0,0.6111111111111112,0.2916666666666667,0.0,0.0555555555555555,0.0138888888888888,0.0,0.0,0.0,0.0,0.0277777777777777,0.0,0.0,0.0,0.0
15220N2,1670.25,0.764041,11.19018,0.0,0.0,0.5882352941176471,0.2941176470588235,0.0,0.1176470588235294,0.0,0.0,0.0,0.0,0.0,0.0,0.0,0.0,0.0,0.0
20167N2,1695.71,0.585642,23.62181,0.0,0.0,0.6060606060606061,0.3636363636363636,0.0,0.0303030303030303,0.0,0.0,0.0,0.0,0.0,0.0,0.0,0.0,0.0,0.0
16210N2,1541.74,0.691946,21.14298,0.0,0.1111111111111111,0.5555555555555556,0.2222222222222222,0.0,0.1111111111111111,0.0,0.0,0.0,0.0,0.0,0.0,0.0,0.0,0.0,0.0
13141N2,1519.59,0.765949,14.91096,0.1111111111111111,0.1111111111111111,0.4444444444444444,0.2222222222222222,0.0,0.0,0.1111111111111111,0.0,0.0,0.0,0.0,0.0,0.0,0.0,0.0,0.0
16056N2,1825.71,0.528129,22.69839,0.0545454545454545,0.109090909090909,0.5636363636363636,0.2545454545454545,0.0,0.0,0.0181818181818181,0.0,0.0,0.0,0.0,0.0,0.0,0.0,0.0,0.0
18070N2,1715.91,0.776836,17.17805,0.0,0.0454545454545454,0.5227272727272727,0.3863636363636363,0.0,0.0454545454545454,0.0,0.0,0.0,0.0,0.0,0.0,0.0,0.0,0.0,0.0
19440N2,301.892,1.26899,4.84433,0.0,0.0,0.5369127516778524,0.348993288590604,0.0,0.1073825503355704,0.0,0.0,0.0,0.0067114093959731,0.0,0.0,0.0,0.0,0.0,0.0
13000N2,445.215,1.59194,7.65128,0.0,0.0,0.5714285714285714,0.0,0.0,0.1428571428571428,0.0,0.0,0.0,0.0,0.0,0.2857142857142857,0.0,0.0,0.0,0.0
19571N2,1980.66,0.566886,18.62708,0.0,0.0,0.5813953488372093,0.3488372093023256,0.0,0.0697674418604651,0.0,0.0,0.0,0.0,0.0,0.0,0.0,0.0,0.0,0.0
15161N2,1715.49,0.612989,15.85081,0.0,0.0,0.4893617021276595,0.4893617021276595,0.0,0.0212765957446808,0.0,0.0,0.0,0.0,0.0,0.0,0.0,0.0,0.0,0.0
19142N2,1594.19,0.582433,25.76234,0.0,0.15,0.65,0.2,0.0,0.0,0.0,0.0,0.0,0.0,0.0,0.0,0.0,0.0,0.0,0.0
15150N2,4072.47,0.388869,15.66522,0.0,0.0333333333333333,0.5666666666666667,0.3333333333333333,0.0,0.0666666666666666,0.0,0.0,0.0,0.0,0.0,0.0,0.0,0.0,0.0,0.0
12030N2,1634.65,0.654918,19.38979,0.0606060606060606,0.1212121212121212,0.5454545454545454,0.1818181818181818,0.0,0.0606060606060606,0.0303030303030303,0.0,0.0,0.0,0.0,0.0,0.0,0.0,0.0,0.0
11031N2,4463.64,0.281663,26.99882,0.0317460317460317,0.0634920634920634,0.5714285714285714,0.3015873015873015,0.0,0.0317460317460317,0.0,0.0,0.0,0.0,0.0,0.0,0.0,0.0,0.0,0.0
15190N2,1502.13,0.89212,10.36567,0.0,0.1666666666666666,0.5,0.1666666666666666,0.0,0.1666666666666666,0.0,0.0,0.0,0.0,0.0,0.0,0.0,0.0,0.0,0.0
19000N3,6283.22,0.207045,19.29611,0.0,0.0,0.5238095238095238,0.3809523809523809,0.0,0.0476190476190476,0.0476190476190476,0.0,0.0,0.0,0.0,0.0,0.0,0.0,0.0,0.0
21052N2,3661.97,0.378504,18.66837,0.0,0.0337078651685393,0.5393258426966292,0.4044943820224719,0.0,0.0224719101123595,0.0,0.0,0.0,0.0,0.0,0.0,0.0,0.0,0.0,0.0
21280N3,2785.67,0.290217,38.09649,0.0,0.0576923076923076,0.5,0.358974358974359,0.0,0.0833333333333333,0.0,0.0,0.0,0.0,0.0,0.0,0.0,0.0,0.0,0.0
16160N2,1702.92,0.644388,20.05475,0.0,0.0625,0.5625,0.25,0.0,0.125,0.0,0.0,0.0,0.0,0.0,0.0,0.0,0.0,0.0,0.0
21315N3,2344.95,0.389144,31.18528,0.0,0.0,0.5970149253731343,0.3432835820895522,0.0,0.0597014925373134,0.0,0.0,0.0,0.0,0.0,0.0,0.0,0.0,0.0,0.0
14090N2,1820.67,0.555688,25.67443,0.0,0.0555555555555555,0.5,0.3333333333333333,0.0,0.1111111111111111,0.0,0.0,0.0,0.0,0.0,0.0,0.0,0.0,0.0,0.0
14020N2,2257.22,0.509823,25.68704,0.0,0.0,0.5675675675675675,0.3783783783783784,0.0,0.054054054054054,0.0,0.0,0.0,0.0,0.0,0.0,0.0,0.0,0.0,0.0
12023N2,1457.81,0.610087,27.1624,0.0268456375838926,0.1073825503355704,0.5637583892617449,0.2147651006711409,0.0,0.0805369127516778,0.0,0.0,0.0067114093959731,0.0,0.0,0.0,0.0,0.0,0.0,0.0
20021N2,1915.51,0.54045,23.45923,0.0,0.0588235294117647,0.5294117647058824,0.2941176470588235,0.0,0.1176470588235294,0.0,0.0,0.0,0.0,0.0,0.0,0.0,0.0,0.0,0.0
19310N2,2121.12,0.534694,18.10869,0.0,0.0,0.58,0.38,0.0,0.04,0.0,0.0,0.0,0.0,0.0,0.0,0.0,0.0,0.0,0.0
19170N2,1358.73,0.659458,28.19438,0.0208333333333333,0.0625,0.4375,0.4375,0.0,0.0208333333333333,0.0208333333333333,0.0,0.0,0.0,0.0,0.0,0.0,0.0,0.0,0.0
20121N3,1373.52,0.833473,9.97566,0.0,0.0,0.5588235294117647,0.4117647058823529,0.0,0.0294117647058823,0.0,0.0,0.0,0.0,0.0,0.0,0.0,0.0,0.0,0.0
21035N2,1698.61,0.780658,9.59384,0.0,0.0,0.5925925925925926,0.3703703703703703,0.0,0.037037037037037,0.0,0.0,0.0,0.0,0.0,0.0,0.0,0.0,0.0,0.0
19051N2,2232.03,0.383975,34.45228,0.0,0.0,0.6,0.25,0.0,0.1,0.05,0.0,0.0,0.0,0.0,0.0,0.0,0.0,0.0,0.0
13076N2,1080.76,1.01852,14.90134,0.0,0.0833333333333333,0.5,0.1666666666666666,0.0,0.0833333333333333,0.0,0.0,0.0,0.0,0.0,0.1666666666666666,0.0,0.0,0.0,0.0
20551N2,692.605,1.10359,8.54303,0.0,0.0,0.5757575757575758,0.303030303030303,0.0,0.0606060606060606,0.0606060606060606,0.0,0.0,0.0,0.0,0.0,0.0,0.0,0.0,0.0
16330N2,2270.27,0.477343,23.65331,0.0,0.0,0.5625,0.375,0.0,0.0625,0.0,0.0,0.0,0.0,0.0,0.0,0.0,0.0,0.0,0.0
14070N2,2292.21,0.467273,23.47129,0.0,0.0,0.5818181818181818,0.3454545454545454,0.0,0.0727272727272727,0.0,0.0,0.0,0.0,0.0,0.0,0.0,0.0,0.0,0.0
11002N2,2605.95,0.347833,32.49748,0.0,0.0625,0.46875,0.40625,0.0,0.0625,0.0,0.0,0.0,0.0,0.0,0.0,0.0,0.0,0.0,0.0
13170N2,4129.42,0.309017,25.51802,0.0229885057471264,0.0459770114942528,0.5517241379310345,0.2873563218390804,0.0,0.0919540229885057,0.0,0.0,0.0,0.0,0.0,0.0,0.0,0.0,0.0,0.0
20620N2,1582.95,0.719234,12.95862,0.0,0.0408163265306122,0.5306122448979592,0.3673469387755102,0.0,0.0612244897959183,0.0,0.0,0.0,0.0,0.0,0.0,0.0,0.0,0.0,0.0
19190N2,2905.89,0.574363,11.88222,0.0,0.0273972602739726,0.5342465753424658,0.3835616438356164,0.0,0.0273972602739726,0.0,0.0,0.0,0.0,0.0,0.0,0.0,0.0273972602739726,0.0,0.0
15081N2,4346.3,0.349547,18.54616,0.0,0.0363636363636363,0.5454545454545454,0.3454545454545454,0.0,0.0727272727272727,0.0,0.0,0.0,0.0,0.0,0.0,0.0,0.0,0.0,0.0
21073N2,1642.36,0.767301,14.31763,0.0,0.1,0.6,0.2,0.0,0.1,0.0,0.0,0.0,0.0,0.0,0.0,0.0,0.0,0.0,0.0
21072N2,1551.17,0.80652,14.01495,0.0,0.1290322580645161,0.5806451612903226,0.1935483870967742,0.0,0.0967741935483871,0.0,0.0,0.0,0.0,0.0,0.0,0.0,0.0,0.0,0.0
20360N2,1988.61,0.420387,32.23249,0.0,0.0,0.6086956521739131,0.3478260869565217,0.0,0.0434782608695652,0.0,0.0,0.0,0.0,0.0,0.0,0.0,0.0,0.0,0.0
20581N2,1949.36,0.613707,16.24084,0.0,0.0203045685279187,0.5076142131979695,0.4060913705583756,0.0,0.0609137055837563,0.0,0.0050761421319796,0.0,0.0,0.0,0.0,0.0,0.0,0.0,0.0
15186N2,1920.25,0.363876,44.62581,0.0333333333333333,0.1333333333333333,0.5666666666666667,0.2333333333333333,0.0,0.0333333333333333,0.0,0.0,0.0,0.0,0.0,0.0,0.0,0.0,0.0,0.0
19361N2,2235.71,0.38916,33.24253,0.0,0.0,0.5714285714285714,0.3333333333333333,0.0,0.0476190476190476,0.0476190476190476,0.0,0.0,0.0,0.0,0.0,0.0,0.0,0.0,0.0
13181N3,1074.38,0.978324,5.27018,0.0,0.0816326530612244,0.4897959183673469,0.3265306122448979,0.0204081632653061,0.0816326530612244,0.0,0.0,0.0,0.0,0.0,0.0,0.0,0.0,0.0,0.0
21200N2,2159.52,0.496452,22.25008,0.0,0.037037037037037,0.5555555555555556,0.3333333333333333,0.0,0.074074074074074,0.0,0.0,0.0,0.0,0.0,0.0,0.0,0.0,0.0,0.0
18083N2,2357.43,0.549072,18.16021,0.0,0.0330578512396694,0.5289256198347108,0.3636363636363636,0.0,0.0661157024793388,0.0,0.0,0.0,0.0,0.0082644628099173,0.0,0.0,0.0,0.0,0.0
11030N2,4041.45,0.361779,20.45694,0.0,0.0,0.5660377358490566,0.3584905660377358,0.0,0.0754716981132075,0.0,0.0,0.0,0.0,0.0,0.0,0.0,0.0,0.0,0.0
19572N2,2026.89,0.609996,16.26354,0.0,0.0,0.5818181818181818,0.3545454545454545,0.0,0.0636363636363636,0.0,0.0,0.0,0.0,0.0,0.0,0.0,0.0,0.0,0.0
18150N2,1328.84,0.92742,13.78326,0.0,0.0923076923076923,0.5538461538461539,0.1692307692307692,0.0,0.0923076923076923,0.0,0.0,0.0,0.0,0.0,0.0,0.0,0.0923076923076923,0.0,0.0
16480N2,1945.75,0.567406,18.52304,0.0,0.0,0.5555555555555556,0.3333333333333333,0.0,0.1111111111111111,0.0,0.0,0.0,0.0,0.0,0.0,0.0,0.0,0.0,0.0
12000N2,1618.42,0.705665,16.14031,0.0,0.0833333333333333,0.5,0.3333333333333333,0.0,0.0833333333333333,0.0,0.0,0.0,0.0,0.0,0.0,0.0,0.0,0.0,0.0
16080N2,2192.22,0.512828,16.90398,0.0,0.0,0.5606060606060606,0.3636363636363636,0.0,0.0757575757575757,0.0,0.0,0.0,0.0,0.0,0.0,0.0,0.0,0.0,0.0
21314N2,2664.51,0.321533,34.59008,0.0,0.0,0.5970149253731343,0.3432835820895522,0.0,0.0597014925373134,0.0,0.0,0.0,0.0,0.0,0.0,0.0,0.0,0.0,0.0
14091N2,1953.55,0.554271,22.52384,0.0,0.0545454545454545,0.5454545454545454,0.3454545454545454,0.0,0.0545454545454545,0.0,0.0,0.0,0.0,0.0,0.0,0.0,0.0,0.0,0.0
20281N2,2278.92,0.478073,22.82201,0.0,0.0,0.5818181818181818,0.3636363636363636,0.0,0.0545454545454545,0.0,0.0,0.0,0.0,0.0,0.0,0.0,0.0,0.0,0.0
16050N2,1427.05,0.763077,15.08117,0.0421052631578947,0.0842105263157894,0.5473684210526316,0.2105263157894736,0.0,0.1052631578947368,0.0,0.0105263157894736,0.0,0.0,0.0,0.0,0.0,0.0,0.0,0.0
20631N2,1993.18,0.537877,31.11791,0.0,0.0,0.5625,0.3333333333333333,0.0,0.0625,0.0416666666666666,0.0,0.0,0.0,0.0,0.0,0.0,0.0,0.0,0.0
19353N2,1911.49,0.651469,13.44179,0.0,0.0,0.6388888888888888,0.3333333333333333,0.0,0.0277777777777777,0.0,0.0,0.0,0.0,0.0,0.0,0.0,0.0,0.0,0.0
21070N2,1396.22,0.848808,14.59786,0.0,0.1818181818181818,0.5454545454545454,0.1818181818181818,0.0,0.0909090909090909,0.0,0.0,0.0,0.0,0.0,0.0,0.0,0.0,0.0,0.0
07013N3,6422.21,0.170478,27.47264,0.0470588235294117,0.0941176470588235,0.5764705882352941,0.2823529411764706,0.0,0.0,0.0,0.0,0.0,0.0,0.0,0.0,0.0,0.0,0.0,0.0
19480N2,2487.87,0.488964,22.62047,0.0,0.0,0.525,0.425,0.0,0.05,0.0,0.0,0.0,0.0,0.0,0.0,0.0,0.0,0.0,0.0
21021N2,3327.8,0.619388,6.66131,0.0,0.0,0.5,0.4625,0.0,0.0375,0.0,0.0,0.0,0.0,0.0,0.0,0.0,0.0,0.0,0.0
13110N2,3116.7,0.537289,12.905,0.0,0.043010752688172,0.5591397849462365,0.3010752688172043,0.0,0.086021505376344,0.0,0.0,0.0,0.010752688172043,0.0,0.0,0.0,0.0,0.0,0.0
16271N2,2452.61,0.438409,32.3342,0.0,0.0,0.574468085106383,0.3829787234042553,0.0,0.0425531914893617,0.0,0.0,0.0,0.0,0.0,0.0,0.0,0.0,0.0,0.0
19511N2,2204.45,0.477275,23.11543,0.0,0.0303030303030303,0.5454545454545454,0.3636363636363636,0.0,0.0606060606060606,0.0,0.0,0.0,0.0,0.0,0.0,0.0,0.0,0.0,0.0
16120N2,1720.4,0.682814,16.08953,0.0,0.0869565217391304,0.4782608695652174,0.3043478260869565,0.0,0.1304347826086956,0.0,0.0,0.0,0.0,0.0,0.0,0.0,0.0,0.0,0.0
20411N2,2472.61,0.64527,9.26592,0.0,0.0444444444444444,0.5111111111111111,0.4,0.0,0.0444444444444444,0.0,0.0,0.0,0.0,0.0,0.0,0.0,0.0,0.0,0.0
07011N3,5296.19,0.388736,9.68318,0.0816326530612244,0.0816326530612244,0.4897959183673469,0.3265306122448979,0.0204081632653061,0.0,0.0,0.0,0.0,0.0,0.0,0.0,0.0,0.0,0.0,0.0
20141N2,1801.27,0.706503,9.86201,0.0,0.0277777777777777,0.5555555555555556,0.3888888888888889,0.0,0.0277777777777777,0.0,0.0,0.0,0.0,0.0,0.0,0.0,0.0,0.0,0.0
21050N2,3929.47,0.359797,19.34281,0.0,0.0352941176470588,0.5647058823529412,0.3764705882352941,0.0,0.0235294117647058,0.0,0.0,0.0,0.0,0.0,0.0,0.0,0.0,0.0,0.0
19280N2,2228.19,0.54299,26.44235,0.0,0.0363636363636363,0.5272727272727272,0.4,0.0,0.0363636363636363,0.0,0.0,0.0,0.0,0.0,0.0,0.0,0.0,0.0,0.0
19540N2,1352.19,0.770136,23.24133,0.0,0.0,0.6,0.3428571428571428,0.0,0.0571428571428571,0.0,0.0,0.0,0.0,0.0,0.0,0.0,0.0,0.0,0.0
15250N2,2231.75,0.469734,23.50203,0.0,0.0,0.5625,0.375,0.0,0.0625,0.0,0.0,0.0,0.0,0.0,0.0,0.0,0.0,0.0,0.0
16058N2,1696.59,0.606977,22.92273,0.0576923076923076,0.1153846153846153,0.5576923076923077,0.2115384615384615,0.0,0.0384615384615384,0.0192307692307692,0.0,0.0,0.0,0.0,0.0,0.0,0.0,0.0,0.0
18033N2,2685.16,0.509455,15.91973,0.0,0.0,0.5466666666666666,0.4,0.0,0.0533333333333333,0.0,0.0,0.0,0.0,0.0,0.0,0.0,0.0,0.0,0.0
19140N2,1416.68,0.910414,14.0117,0.0,0.1333333333333333,0.6666666666666666,0.1333333333333333,0.0,0.0666666666666666,0.0,0.0,0.0,0.0,0.0,0.0,0.0,0.0,0.0,0.0
19340N2,1896.64,0.664991,15.27488,0.0,0.0,0.5454545454545454,0.3636363636363636,0.0,0.0909090909090909,0.0,0.0,0.0,0.0,0.0,0.0,0.0,0.0,0.0,0.0
19311N2,2148.81,0.540706,17.92967,0.0,0.0,0.5531914893617021,0.3404255319148936,0.0,0.1063829787234042,0.0,0.0,0.0,0.0,0.0,0.0,0.0,0.0,0.0,0.0
16251N3,7294.23,0.279806,13.46817,0.0,0.0,0.6,0.3652173913043478,0.0,0.0347826086956521,0.0,0.0,0.0,0.0,0.0,0.0,0.0,0.0,0.0,0.0
20164N2,2210.3,0.460211,25.87293,0.0,0.0357142857142857,0.5,0.3928571428571428,0.0,0.0714285714285714,0.0,0.0,0.0,0.0,0.0,0.0,0.0,0.0,0.0,0.0
19380N2,1971.65,0.569857,18.53359,0.0,0.0,0.58,0.36,0.0,0.06,0.0,0.0,0.0,0.0,0.0,0.0,0.0,0.0,0.0,0.0
21032N2,1566.9,0.645573,20.31958,0.0,0.0,0.5925925925925926,0.3703703703703703,0.0,0.037037037037037,0.0,0.0,0.0,0.0,0.0,0.0,0.0,0.0,0.0,0.0
18140N2,3140.2,0.40444,18.52351,0.0,0.0,0.5454545454545454,0.4090909090909091,0.0,0.0454545454545454,0.0,0.0,0.0,0.0,0.0,0.0,0.0,0.0,0.0,0.0
16310N2,4363.38,0.48852,9.70729,0.0,0.025,0.5625,0.3625,0.0,0.05,0.0,0.0,0.0,0.0,0.0,0.0,0.0,0.0,0.0,0.0
16500N2,1576.25,0.92111,12.07235,0.0,0.0,0.5,0.1666666666666666,0.0,0.25,0.0833333333333333,0.0,0.0,0.0,0.0,0.0,0.0,0.0,0.0,0.0
15182N2,1639.14,0.546974,28.61691,0.0291970802919708,0.1167883211678832,0.5547445255474452,0.2043795620437956,0.0,0.0875912408759124,0.0,0.0,0.0,0.0072992700729927,0.0,0.0,0.0,0.0,0.0,0.0
16170N2,2159.32,0.539708,18.65543,0.0,0.0,0.5957446808510638,0.3617021276595745,0.0,0.0425531914893617,0.0,0.0,0.0,0.0,0.0,0.0,0.0,0.0,0.0,0.0
15162N2,1557.32,0.770248,12.01319,0.0,0.05,0.55,0.35,0.0,0.05,0.0,0.0,0.0,0.0,0.0,0.0,0.0,0.0,0.0,0.0
19090N2,1964.79,0.471219,28.64646,0.0,0.0526315789473684,0.5789473684210527,0.2631578947368421,0.0,0.1052631578947368,0.0,0.0,0.0,0.0,0.0,0.0,0.0,0.0,0.0,0.0
15060N2,2017.09,0.634104,14.78901,0.0,0.0,0.5357142857142857,0.3571428571428571,0.0,0.1071428571428571,0.0,0.0,0.0,0.0,0.0,0.0,0.0,0.0,0.0,0.0
16361N2,2424.57,0.37311,33.91137,0.0,0.0476190476190476,0.5238095238095238,0.3333333333333333,0.0,0.0952380952380952,0.0,0.0,0.0,0.0,0.0,0.0,0.0,0.0,0.0,0.0
20162N2,1462.2,0.655335,23.46924,0.0,0.0277777777777777,0.5833333333333334,0.3611111111111111,0.0,0.0277777777777777,0.0,0.0,0.0,0.0,0.0,0.0,0.0,0.0,0.0,0.0
18134N3,2688.83,0.54766,13.6119,0.0,0.0,0.5677966101694916,0.3644067796610169,0.0,0.0677966101694915,0.0,0.0,0.0,0.0,0.0,0.0,0.0,0.0,0.0,0.0
13010N2,1374.35,0.58509,30.61493,0.0357142857142857,0.0714285714285714,0.6071428571428571,0.2857142857142857,0.0,0.0,0.0,0.0,0.0,0.0,0.0,0.0,0.0,0.0,0.0,0.0
19191N2,1058.22,0.829693,6.09493,0.0,0.0175438596491228,0.4736842105263157,0.4736842105263157,0.0,0.0175438596491228,0.0,0.0,0.0,0.0,0.0,0.0,0.0,0.0175438596491228,0.0,0.0
20500N3,4577.75,0.443234,12.1317,0.0,0.1176470588235294,0.5294117647058824,0.2941176470588235,0.0,0.0588235294117647,0.0,0.0,0.0,0.0,0.0,0.0,0.0,0.0,0.0,0.0
13070N2,1654.23,0.626797,21.71779,0.0,0.1578947368421052,0.4736842105263157,0.2631578947368421,0.0,0.1052631578947368,0.0,0.0,0.0,0.0,0.0,0.0,0.0,0.0,0.0,0.0
19290N2,2289.24,0.612692,17.43403,0.0,0.0,0.5875,0.375,0.0,0.0375,0.0,0.0,0.0,0.0,0.0,0.0,0.0,0.0,0.0,0.0
16400N2,2919.48,0.42372,27.21938,0.0571428571428571,0.1142857142857142,0.5428571428571428,0.2857142857142857,0.0,0.0,0.0,0.0,0.0,0.0,0.0,0.0,0.0,0.0,0.0,0.0
11003N2,3656.87,0.439138,13.67413,0.0,0.0625,0.46875,0.40625,0.0,0.0625,0.0,0.0,0.0,0.0,0.0,0.0,0.0,0.0,0.0,0.0
16112N3,6559.63,0.188209,25.15287,0.048780487804878,0.048780487804878,0.4634146341463415,0.3414634146341463,0.0,0.048780487804878,0.0,0.0,0.0,0.0,0.0,0.048780487804878,0.0,0.0,0.0,0.0
13074N2,2159.51,0.545583,20.26056,0.0,0.0952380952380952,0.4761904761904761,0.3809523809523809,0.0,0.0476190476190476,0.0,0.0,0.0,0.0,0.0,0.0,0.0,0.0,0.0,0.0
20331N2,2040.77,0.573158,17.83307,0.0,0.0,0.569620253164557,0.379746835443038,0.0,0.050632911392405,0.0,0.0,0.0,0.0,0.0,0.0,0.0,0.0,0.0,0.0
17070N2,1979.27,0.46773,29.23932,0.0,0.0476190476190476,0.5238095238095238,0.3333333333333333,0.0,0.0952380952380952,0.0,0.0,0.0,0.0,0.0,0.0,0.0,0.0,0.0,0.0
17152N2,1928.49,0.516977,23.3108,0.0,0.0532544378698224,0.4970414201183432,0.408284023668639,0.0,0.0414201183431952,0.0,0.0,0.0,0.0,0.0,0.0,0.0,0.0,0.0,0.0
17250N2,2285.56,0.473356,23.09949,0.0,0.0,0.5333333333333333,0.3333333333333333,0.0,0.1333333333333333,0.0,0.0,0.0,0.0,0.0,0.0,0.0,0.0,0.0,0.0
20472N2,2452.31,0.34938,34.55963,0.0,0.0769230769230769,0.5769230769230769,0.3461538461538461,0.0,0.0,0.0,0.0,0.0,0.0,0.0,0.0,0.0,0.0,0.0,0.0
16110N3,7267.46,0.173311,22.72268,0.048780487804878,0.048780487804878,0.4634146341463415,0.3902439024390244,0.0,0.048780487804878,0.0,0.0,0.0,0.0,0.0,0.0,0.0,0.0,0.0,0.0
17230N2,1346.44,0.819474,9.80037,0.0,0.0,0.559322033898305,0.3728813559322034,0.0,0.0677966101694915,0.0,0.0,0.0,0.0,0.0,0.0,0.0,0.0,0.0,0.0
13121N2,2257.03,0.477811,21.50268,0.0,0.0,0.5876288659793815,0.3711340206185567,0.0,0.0412371134020618,0.0,0.0,0.0,0.0,0.0,0.0,0.0,0.0,0.0,0.0
16172N2,2428.81,0.430329,25.3962,0.0,0.0,0.6101694915254238,0.3559322033898305,0.0,0.0338983050847457,0.0,0.0,0.0,0.0,0.0,0.0,0.0,0.0,0.0,0.0
19341N2,1470.26,0.83812,10.08199,0.0,0.0,0.5789473684210527,0.3684210526315789,0.0,0.0526315789473684,0.0,0.0,0.0,0.0,0.0,0.0,0.0,0.0,0.0,0.0
21040N3,627.379,1.03457,5.08169,0.0,0.0330578512396694,0.5702479338842975,0.3305785123966942,0.0,0.0330578512396694,0.0,0.0,0.0,0.0,0.0,0.0,0.0,0.0330578512396694,0.0,0.0
21031N2,1715.37,0.773347,8.92629,0.0,0.0,0.5925925925925926,0.3703703703703703,0.0,0.037037037037037,0.0,0.0,0.0,0.0,0.0,0.0,0.0,0.0,0.0,0.0
19491N2,2407.03,0.570357,12.12428,0.0,0.0,0.5753424657534246,0.3835616438356164,0.0,0.0410958904109589,0.0,0.0,0.0,0.0,0.0,0.0,0.0,0.0,0.0,0.0
21150N2,171.457,1.26634,7.93063,0.0,0.15,0.325,0.45,0.0,0.05,0.0,0.0,0.0,0.0,0.0,0.0,0.025,0.0,0.0,0.0
19144N2,1110.41,1.00926,14.40865,0.0,0.2352941176470588,0.5882352941176471,0.1764705882352941,0.0,0.0,0.0,0.0,0.0,0.0,0.0,0.0,0.0,0.0,0.0,0.0
12062N2,1397.37,0.771703,16.97751,0.0493827160493827,0.0987654320987654,0.5432098765432098,0.1975308641975308,0.0,0.0987654320987654,0.0,0.0,0.0,0.0,0.0123456790123456,0.0,0.0,0.0,0.0,0.0
16040N2,1542.69,0.762552,7.15556,0.0,0.0,0.5833333333333334,0.3611111111111111,0.0,0.0555555555555555,0.0,0.0,0.0,0.0,0.0,0.0,0.0,0.0,0.0,0.0
15020N2,5054.67,0.288664,23.97144,0.0,0.0327868852459016,0.5245901639344263,0.3442622950819672,0.0,0.0983606557377049,0.0,0.0,0.0,0.0,0.0,0.0,0.0,0.0,0.0,0.0
20260N3,827.537,0.94826,9.60069,0.0,0.0,0.4810810810810811,0.4972972972972973,0.0,0.0216216216216216,0.0,0.0,0.0,0.0,0.0,0.0,0.0,0.0,0.0,0.0
16312N2,4343.54,0.338509,18.55352,0.0,0.0185185185185185,0.5555555555555556,0.3518518518518518,0.0,0.074074074074074,0.0,0.0,0.0,0.0,0.0,0.0,0.0,0.0,0.0,0.0
20361N2,1728.15,0.550295,24.03543,0.0,0.0,0.6111111111111112,0.3333333333333333,0.0,0.0555555555555555,0.0,0.0,0.0,0.0,0.0,0.0,0.0,0.0,0.0,0.0
13040N3,1800.12,0.70169,8.45219,0.0,0.0,0.5698924731182796,0.3870967741935484,0.0,0.043010752688172,0.0,0.0,0.0,0.0,0.0,0.0,0.0,0.0,0.0,0.0
15184N2,1591.12,0.518971,31.97817,0.0225988700564971,0.0903954802259887,0.5875706214689266,0.2259887005649717,0.0,0.0677966101694915,0.0,0.0056497175141242,0.0,0.0,0.0,0.0,0.0,0.0,0.0,0.0
18112N2,1583.87,0.737921,16.94837,0.0,0.0444444444444444,0.6222222222222222,0.2888888888888888,0.0,0.0444444444444444,0.0,0.0,0.0,0.0,0.0,0.0,0.0,0.0,0.0,0.0
15110N2,1900.54,0.480027,29.29451,0.0555555555555555,0.1111111111111111,0.6111111111111112,0.2222222222222222,0.0,0.0,0.0,0.0,0.0,0.0,0.0,0.0,0.0,0.0,0.0,0.0
08030N2,1737.0,0.524353,28.70553,0.0434782608695652,0.0869565217391304,0.6086956521739131,0.2608695652173913,0.0,0.0,0.0,0.0,0.0,0.0,0.0,0.0,0.0,0.0,0.0,0.0
13073N2,1494.66,0.708258,21.41233,0.0,0.1578947368421052,0.4736842105263157,0.2631578947368421,0.0,0.1052631578947368,0.0,0.0,0.0,0.0,0.0,0.0,0.0,0.0,0.0,0.0
20182N2,1752.17,0.638677,18.45428,0.0,0.0344827586206896,0.5517241379310345,0.3448275862068966,0.0,0.0689655172413793,0.0,0.0,0.0,0.0,0.0,0.0,0.0,0.0,0.0,0.0
16000N2,1901.29,0.444588,33.55356,0.04,0.08,0.64,0.24,0.0,0.0,0.0,0.0,0.0,0.0,0.0,0.0,0.0,0.0,0.0,0.0
13130N2,1846.69,0.375995,43.9063,0.0303030303030303,0.1212121212121212,0.5757575757575758,0.2424242424242424,0.0,0.0303030303030303,0.0,0.0,0.0,0.0,0.0,0.0,0.0,0.0,0.0,0.0
19410N2,1894.91,0.502437,35.72923,0.0,0.0,0.6,0.36,0.0,0.04,0.0,0.0,0.0,0.0,0.0,0.0,0.0,0.0,0.0,0.0
18151N2,1596.75,0.648722,22.00137,0.0,0.0625,0.5625,0.25,0.0,0.0625,0.0,0.0,0.0,0.0,0.0,0.0,0.0,0.0625,0.0,0.0
21041N3,1388.98,0.844022,11.97179,0.0,0.0283687943262411,0.574468085106383,0.3404255319148936,0.0,0.0283687943262411,0.0,0.0,0.0,0.0,0.0,0.0,0.0,0.0283687943262411,0.0,0.0
21181N2,2460.31,0.410128,27.50399,0.0,0.0,0.5294117647058824,0.3529411764705882,0.0,0.1176470588235294,0.0,0.0,0.0,0.0,0.0,0.0,0.0,0.0,0.0,0.0
19454N2,2828.63,0.322607,31.97438,0.0,0.0206185567010309,0.4845360824742268,0.4329896907216495,0.0,0.0618556701030927,0.0,0.0,0.0,0.0,0.0,0.0,0.0,0.0,0.0,0.0
16111N3,7273.53,0.188331,16.20544,0.048780487804878,0.048780487804878,0.4634146341463415,0.3902439024390244,0.0,0.048780487804878,0.0,0.0,0.0,0.0,0.0,0.0,0.0,0.0,0.0,0.0
19122N2,2096.09,0.54025,20.86928,0.0,0.1052631578947368,0.4210526315789473,0.3684210526315789,0.0,0.1052631578947368,0.0,0.0,0.0,0.0,0.0,0.0,0.0,0.0,0.0,0.0
21013N2,2683.81,0.330376,30.41829,0.0,0.08,0.52,0.36,0.0,0.04,0.0,0.0,0.0,0.0,0.0,0.0,0.0,0.0,0.0,0.0
20672N2,1926.45,0.618931,16.06175,0.0,0.0,0.6071428571428571,0.3571428571428571,0.0,0.0357142857142857,0.0,0.0,0.0,0.0,0.0,0.0,0.0,0.0,0.0,0.0
18061N2,1287.67,0.735392,17.10874,0.0,0.0869565217391304,0.4347826086956521,0.391304347826087,0.0,0.0869565217391304,0.0,0.0,0.0,0.0,0.0,0.0,0.0,0.0,0.0,0.0
13100N2,3846.56,0.324166,21.19983,0.0,0.0,0.5957446808510638,0.3617021276595745,0.0,0.0425531914893617,0.0,0.0,0.0,0.0,0.0,0.0,0.0,0.0,0.0,0.0
15131N2,2086.45,0.399337,34.37058,0.05,0.1,0.65,0.2,0.0,0.0,0.0,0.0,0.0,0.0,0.0,0.0,0.0,0.0,0.0,0.0
21010N2,2109.9,0.446606,27.09464,0.0,0.0465116279069767,0.5813953488372093,0.3255813953488372,0.0,0.0465116279069767,0.0,0.0,0.0,0.0,0.0,0.0,0.0,0.0,0.0,0.0
19366N2,2145.11,0.385817,35.1986,0.0,0.0,0.6071428571428571,0.3571428571428571,0.0,0.0357142857142857,0.0,0.0,0.0,0.0,0.0,0.0,0.0,0.0,0.0,0.0
19455N2,3680.27,0.23879,33.98261,0.0,0.0,0.5180722891566265,0.4216867469879518,0.0,0.0602409638554216,0.0,0.0,0.0,0.0,0.0,0.0,0.0,0.0,0.0,0.0
21014N2,2783.45,0.331169,28.44211,0.0,0.04,0.52,0.4,0.0,0.04,0.0,0.0,0.0,0.0,0.0,0.0,0.0,0.0,0.0,0.0
11020N2,2207.29,0.572273,15.98839,0.0,0.0,0.5454545454545454,0.3636363636363636,0.0,0.0909090909090909,0.0,0.0,0.0,0.0,0.0,0.0,0.0,0.0,0.0,0.0
10010N2,1350.38,0.790253,16.84184,0.048780487804878,0.0975609756097561,0.5365853658536586,0.2195121951219512,0.0,0.0975609756097561,0.0,0.0,0.0,0.0,0.0,0.0,0.0,0.0,0.0,0.0
19360N2,2011.87,0.478197,27.67707,0.0,0.0,0.5714285714285714,0.3809523809523809,0.0,0.0476190476190476,0.0,0.0,0.0,0.0,0.0,0.0,0.0,0.0,0.0,0.0
21260N2,2042.27,0.500851,23.28893,0.0,0.0,0.5797101449275363,0.3043478260869565,0.0,0.0869565217391304,0.0289855072463768,0.0,0.0,0.0,0.0,0.0,0.0,0.0,0.0,0.0
19481N2,1731.71,0.702418,16.63866,0.0,0.0,0.525,0.4,0.0,0.05,0.0,0.0,0.0,0.0,0.0,0.025,0.0,0.0,0.0,0.0
20341N2,1864.88,0.519784,24.23241,0.0,0.0,0.6111111111111112,0.3333333333333333,0.0,0.0555555555555555,0.0,0.0,0.0,0.0,0.0,0.0,0.0,0.0,0.0,0.0
16140N2,2506.34,0.467001,25.66942,0.0,0.0512820512820512,0.5384615384615384,0.358974358974359,0.0,0.0512820512820512,0.0,0.0,0.0,0.0,0.0,0.0,0.0,0.0,0.0,0.0
17000N2,3472.48,0.390254,21.9809,0.0,0.0533333333333333,0.6133333333333333,0.28,0.0,0.0533333333333333,0.0,0.0,0.0,0.0,0.0,0.0,0.0,0.0,0.0,0.0
13190N2,946.08,0.880317,11.95992,0.0,0.0416666666666666,0.5,0.4166666666666667,0.0,0.0416666666666666,0.0,0.0,0.0,0.0,0.0,0.0,0.0,0.0,0.0,0.0
20401N2,6053.11,0.377713,16.85759,0.0,0.0,0.5714285714285714,0.3809523809523809,0.0,0.0476190476190476,0.0,0.0,0.0,0.0,0.0,0.0,0.0,0.0,0.0,0.0
20420N2,1093.37,0.905073,12.1459,0.0,0.0833333333333333,0.6666666666666666,0.1666666666666666,0.0,0.0833333333333333,0.0,0.0,0.0,0.0,0.0,0.0,0.0,0.0,0.0,0.0
18111N2,1581.94,0.725925,17.6262,0.0,0.0,0.6222222222222222,0.2888888888888888,0.0,0.0444444444444444,0.0444444444444444,0.0,0.0,0.0,0.0,0.0,0.0,0.0,0.0,0.0
18141N2,2578.78,0.441063,19.79874,0.0,0.0,0.5625,0.40625,0.0,0.03125,0.0,0.0,0.0,0.0,0.0,0.0,0.0,0.0,0.0,0.0
17153N2,1845.51,0.518329,24.14078,0.0,0.0393258426966292,0.4887640449438202,0.4269662921348314,0.0,0.0449438202247191,0.0,0.0,0.0,0.0,0.0,0.0,0.0,0.0,0.0,0.0
18080N2,2238.81,0.495478,20.75693,0.0,0.0,0.5714285714285714,0.3428571428571428,0.0,0.0761904761904762,0.0,0.0,0.0,0.0,0.0095238095238095,0.0,0.0,0.0,0.0,0.0
16440N2,2277.9,0.416732,27.50664,0.0,0.04,0.52,0.4,0.0,0.04,0.0,0.0,0.0,0.0,0.0,0.0,0.0,0.0,0.0,0.0
19242N3,479.221,0.949397,5.49367,0.0,0.0,0.5841584158415841,0.3564356435643564,0.0,0.0396039603960396,0.0,0.0,0.0,0.0,0.0,0.0198019801980198,0.0,0.0,0.0,0.0
19560N2,2571.89,0.479614,21.86424,0.0,0.032258064516129,0.4838709677419355,0.4516129032258064,0.0,0.032258064516129,0.0,0.0,0.0,0.0,0.0,0.0,0.0,0.0,0.0,0.0
13012N2,1585.48,0.450916,40.15467,0.0303030303030303,0.0606060606060606,0.6060606060606061,0.303030303030303,0.0,0.0,0.0,0.0,0.0,0.0,0.0,0.0,0.0,0.0,0.0,0.0
15031N2,2128.26,0.454279,24.82664,0.027027027027027,0.054054054054054,0.5675675675675675,0.3243243243243243,0.0,0.027027027027027,0.0,0.0,0.0,0.0,0.0,0.0,0.0,0.0,0.0,0.0
16211N2,1376.29,0.73422,21.60557,0.0,0.1578947368421052,0.5263157894736842,0.2105263157894736,0.0,0.1052631578947368,0.0,0.0,0.0,0.0,0.0,0.0,0.0,0.0,0.0,0.0
19364N2,2332.95,0.41142,31.72995,0.0,0.032258064516129,0.5161290322580645,0.3870967741935484,0.0,0.032258064516129,0.032258064516129,0.0,0.0,0.0,0.0,0.0,0.0,0.0,0.0,0.0
20050N2,2014.45,0.48873,26.26799,0.0,0.0298507462686567,0.5671641791044776,0.3432835820895522,0.0,0.0597014925373134,0.0,0.0,0.0,0.0,0.0,0.0,0.0,0.0,0.0,0.0
20571N3,3124.27,0.505453,9.85367,0.0,0.0,0.5463917525773195,0.3711340206185567,0.0,0.0824742268041237,0.0,0.0,0.0,0.0,0.0,0.0,0.0,0.0,0.0,0.0
16113N3,6631.19,0.209078,16.19063,0.048780487804878,0.048780487804878,0.4634146341463415,0.3414634146341463,0.0,0.048780487804878,0.0,0.0,0.0,0.0,0.0,0.048780487804878,0.0,0.0,0.0,0.0
20340N2,1737.12,0.60802,19.61233,0.0,0.0,0.6344086021505376,0.3010752688172043,0.0,0.064516129032258,0.0,0.0,0.0,0.0,0.0,0.0,0.0,0.0,0.0,0.0
16002N2,1937.79,0.417252,35.8627,0.0384615384615384,0.0769230769230769,0.6538461538461539,0.2307692307692307,0.0,0.0,0.0,0.0,0.0,0.0,0.0,0.0,0.0,0.0,0.0,0.0
19370N2,1943.24,0.662465,10.83136,0.0,0.0,0.4868421052631579,0.4605263157894737,0.0,0.0526315789473684,0.0,0.0,0.0,0.0,0.0,0.0,0.0,0.0,0.0,0.0
13123N2,1945.14,0.584938,17.88597,0.0,0.0,0.57,0.3,0.0,0.1,0.03,0.0,0.0,0.0,0.0,0.0,0.0,0.0,0.0,0.0
16052N2,1785.61,0.536146,25.19248,0.0481927710843373,0.0963855421686747,0.5943775100401606,0.2489959839357429,0.0,0.0080321285140562,0.0040160642570281,0.0,0.0,0.0,0.0,0.0,0.0,0.0,0.0,0.0
15071N2,2190.51,0.418586,29.61979,0.0,0.0454545454545454,0.5454545454545454,0.3636363636363636,0.0,0.0454545454545454,0.0,0.0,0.0,0.0,0.0,0.0,0.0,0.0,0.0,0.0
21220N2,2006.8,0.533422,27.65317,0.0,0.0303030303030303,0.5757575757575758,0.3333333333333333,0.0,0.0606060606060606,0.0,0.0,0.0,0.0,0.0,0.0,0.0,0.0,0.0,0.0
20531N2,2346.92,0.489795,23.52769,0.0,0.0909090909090909,0.5909090909090909,0.2727272727272727,0.0,0.0454545454545454,0.0,0.0,0.0,0.0,0.0,0.0,0.0,0.0,0.0,0.0
20172N2,1432.63,0.76071,11.33952,0.0,0.0408163265306122,0.5102040816326531,0.3673469387755102,0.0,0.0408163265306122,0.0408163265306122,0.0,0.0,0.0,0.0,0.0,0.0,0.0,0.0,0.0
21320N2,1888.0,0.600161,17.86719,0.0,0.0,0.6101694915254238,0.3220338983050847,0.0,0.0677966101694915,0.0,0.0,0.0,0.0,0.0,0.0,0.0,0.0,0.0,0.0
19482N2,1905.05,0.700732,14.41536,0.0,0.0,0.5189873417721519,0.4050632911392405,0.0,0.0632911392405063,0.0,0.0,0.0,0.0,0.0,0.0126582278481012,0.0,0.0,0.0,0.0
12001N2,1551.98,0.779579,13.76832,0.0,0.0666666666666666,0.4666666666666667,0.4,0.0,0.0666666666666666,0.0,0.0,0.0,0.0,0.0,0.0,0.0,0.0,0.0,0.0
13090N2,1638.57,0.575112,26.31246,0.0625,0.125,0.5625,0.1875,0.0,0.0,0.0625,0.0,0.0,0.0,0.0,0.0,0.0,0.0,0.0,0.0
20000N2,2943.44,0.455957,20.51653,0.0,0.0,0.5523809523809524,0.3619047619047619,0.0,0.0761904761904762,0.0095238095238095,0.0,0.0,0.0,0.0,0.0,0.0,0.0,0.0,0.0
21033N2,1537.36,0.867337,8.48874,0.0,0.0,0.5925925925925926,0.3703703703703703,0.0,0.037037037037037,0.0,0.0,0.0,0.0,0.0,0.0,0.0,0.0,0.0,0.0
15050N2,1334.71,0.905532,10.36567,0.0,0.1428571428571428,0.4285714285714285,0.2857142857142857,0.0,0.1428571428571428,0.0,0.0,0.0,0.0,0.0,0.0,0.0,0.0,0.0,0.0
16190N2,2467.27,0.626677,9.35805,0.0,0.0,0.5660377358490566,0.3679245283018867,0.0,0.0660377358490566,0.0,0.0,0.0,0.0,0.0,0.0,0.0,0.0,0.0,0.0
11010N2,1260.62,0.904977,12.55788,0.0481927710843373,0.0963855421686747,0.5301204819277109,0.144578313253012,0.0,0.144578313253012,0.0240963855421686,0.0120481927710843,0.0,0.0,0.0,0.0,0.0,0.0,0.0,0.0
19452N2,2481.62,0.356418,29.19112,0.0,0.0117647058823529,0.5411764705882353,0.388235294117647,0.0,0.0588235294117647,0.0,0.0,0.0,0.0,0.0,0.0,0.0,0.0,0.0,0.0
15211N2,5285.69,0.309959,23.73244,0.0625,0.125,0.5625,0.25,0.0,0.0,0.0,0.0,0.0,0.0,0.0,0.0,0.0,0.0,0.0,0.0
20640N2,1949.49,0.589948,19.49447,0.0,0.0,0.5844155844155844,0.3766233766233766,0.0,0.0389610389610389,0.0,0.0,0.0,0.0,0.0,0.0,0.0,0.0,0.0,0.0
20421N2,1233.89,0.893068,12.27828,0.0,0.0833333333333333,0.6666666666666666,0.1666666666666666,0.0,0.0833333333333333,0.0,0.0,0.0,0.0,0.0,0.0,0.0,0.0,0.0,0.0
19521N2,2503.78,0.486115,16.86471,0.0,0.072463768115942,0.463768115942029,0.4347826086956521,0.0,0.0289855072463768,0.0,0.0,0.0,0.0,0.0,0.0,0.0,0.0,0.0,0.0
16420N2,1436.22,0.753397,16.9452,0.0,0.0833333333333333,0.4583333333333333,0.375,0.0,0.0833333333333333,0.0,0.0,0.0,0.0,0.0,0.0,0.0,0.0,0.0,0.0
2016bN2,2459.76,0.398995,27.32528,0.0,0.0,0.5352112676056338,0.3661971830985915,0.0,0.0985915492957746,0.0,0.0,0.0,0.0,0.0,0.0,0.0,0.0,0.0,0.0
20550N2,634.99,1.20373,8.54303,0.0,0.0606060606060606,0.5757575757575758,0.2424242424242424,0.0,0.0606060606060606,0.0606060606060606,0.0,0.0,0.0,0.0,0.0,0.0,0.0,0.0,0.0
20010N2,2098.31,0.516564,36.14446,0.0,0.0634920634920634,0.5555555555555556,0.3492063492063492,0.0,0.0317460317460317,0.0,0.0,0.0,0.0,0.0,0.0,0.0,0.0,0.0,0.0
13078N2,1314.15,0.939852,12.50908,0.0,0.1785714285714285,0.4285714285714285,0.2857142857142857,0.0,0.0714285714285714,0.0357142857142857,0.0,0.0,0.0,0.0,0.0,0.0,0.0,0.0,0.0
20070N2,1945.19,0.604538,20.02412,0.0,0.0,0.5454545454545454,0.3818181818181818,0.0,0.0545454545454545,0.0,0.0,0.0,0.0,0.0,0.0,0.0181818181818181,0.0,0.0,0.0
07012N3,6664.54,0.176283,18.79873,0.0470588235294117,0.0941176470588235,0.5647058823529412,0.2823529411764706,0.0117647058823529,0.0,0.0,0.0,0.0,0.0,0.0,0.0,0.0,0.0,0.0,0.0
20210N2,2306.03,0.525024,16.69084,0.0,0.0,0.5454545454545454,0.4090909090909091,0.0,0.0454545454545454,0.0,0.0,0.0,0.0,0.0,0.0,0.0,0.0,0.0,0.0
19282N2,1967.91,0.537064,30.44752,0.0,0.0754716981132075,0.5471698113207547,0.3396226415094339,0.0,0.0377358490566037,0.0,0.0,0.0,0.0,0.0,0.0,0.0,0.0,0.0,0.0
08011N2,1339.43,0.791326,10.52235,0.0625,0.125,0.4375,0.375,0.0,0.0,0.0,0.0,0.0,0.0,0.0,0.0,0.0,0.0,0.0,0.0
17163N3,6147.63,0.310547,16.30857,0.0,0.0,0.5905511811023622,0.3622047244094488,0.0,0.0472440944881889,0.0,0.0,0.0,0.0,0.0,0.0,0.0,0.0,0.0,0.0
21011N2,2280.21,0.429535,25.69576,0.0,0.0416666666666666,0.5416666666666666,0.375,0.0,0.0416666666666666,0.0,0.0,0.0,0.0,0.0,0.0,0.0,0.0,0.0,0.0
16481N2,1939.59,0.593558,17.87385,0.0,0.0,0.5555555555555556,0.3333333333333333,0.0,0.1111111111111111,0.0,0.0,0.0,0.0,0.0,0.0,0.0,0.0,0.0,0.0
15163N2,2005.17,0.538076,19.28672,0.0,0.0,0.5862068965517241,0.3793103448275862,0.0,0.0344827586206896,0.0,0.0,0.0,0.0,0.0,0.0,0.0,0.0,0.0,0.0
20611N2,2640.38,0.370041,29.9908,0.0,0.0,0.5038167938931297,0.3587786259541984,0.0,0.1374045801526717,0.0,0.0,0.0,0.0,0.0,0.0,0.0,0.0,0.0,0.0
18060N2,1854.41,0.740757,15.65893,0.0,0.08,0.4,0.44,0.0,0.08,0.0,0.0,0.0,0.0,0.0,0.0,0.0,0.0,0.0,0.0
13077N2,1254.41,0.960862,11.4484,0.0,0.1538461538461538,0.4615384615384615,0.2692307692307692,0.0,0.1153846153846153,0.0,0.0,0.0,0.0,0.0,0.0,0.0,0.0,0.0,0.0
12040N2,1482.43,0.719774,18.83659,0.0526315789473684,0.1052631578947368,0.5263157894736842,0.3157894736842105,0.0,0.0,0.0,0.0,0.0,0.0,0.0,0.0,0.0,0.0,0.0,0.0
19522N2,2259.79,0.568271,13.63704,0.0,0.0789473684210526,0.4473684210526316,0.4473684210526316,0.0,0.0263157894736842,0.0,0.0,0.0,0.0,0.0,0.0,0.0,0.0,0.0,0.0
20180N2,2197.19,0.522088,19.35841,0.0,0.0,0.5625,0.3125,0.0,0.03125,0.0,0.0,0.0,0.0,0.0,0.09375,0.0,0.0,0.0,0.0
16460N2,2097.08,0.433033,29.24907,0.0,0.0476190476190476,0.5238095238095238,0.3333333333333333,0.0,0.0952380952380952,0.0,0.0,0.0,0.0,0.0,0.0,0.0,0.0,0.0,0.0
21080N2,1915.26,0.471582,29.76014,0.0,0.0909090909090909,0.5909090909090909,0.2727272727272727,0.0,0.0454545454545454,0.0,0.0,0.0,0.0,0.0,0.0,0.0,0.0,0.0,0.0
20321N2,2370.61,0.338126,35.86719,0.0,0.0476190476190476,0.5238095238095238,0.3333333333333333,0.0,0.0952380952380952,0.0,0.0,0.0,0.0,0.0,0.0,0.0,0.0,0.0,0.0
20152N2,1939.83,0.612609,21.11229,0.0,0.0,0.5333333333333333,0.3666666666666666,0.0,0.0666666666666666,0.0333333333333333,0.0,0.0,0.0,0.0,0.0,0.0,0.0,0.0,0.0
10020N2,1659.21,0.659293,16.6896,0.0,0.0,0.6153846153846154,0.3846153846153846,0.0,0.0,0.0,0.0,0.0,0.0,0.0,0.0,0.0,0.0,0.0,0.0
20362N2,1447.06,0.780807,11.16169,0.0,0.0,0.6190476190476191,0.3333333333333333,0.0,0.0476190476190476,0.0,0.0,0.0,0.0,0.0,0.0,0.0,0.0,0.0,0.0
20261N3,1031.21,0.871863,13.17228,0.0,0.0,0.4926829268292683,0.4878048780487805,0.0,0.0195121951219512,0.0,0.0,0.0,0.0,0.0,0.0,0.0,0.0,0.0,0.0
08013N2,1706.38,0.737315,14.70932,0.1,0.2,0.5,0.2,0.0,0.0,0.0,0.0,0.0,0.0,0.0,0.0,0.0,0.0,0.0,0.0
21191N2,2933.31,0.247235,45.88943,0.0,0.0652173913043478,0.5,0.3260869565217391,0.0,0.108695652173913,0.0,0.0,0.0,0.0,0.0,0.0,0.0,0.0,0.0,0.0
20370N3,5831.75,0.325537,12.17549,0.0,0.0,0.5263157894736842,0.4210526315789473,0.0,0.0526315789473684,0.0,0.0,0.0,0.0,0.0,0.0,0.0,0.0,0.0,0.0
13050N2,1731.87,0.614558,22.25156,0.0,0.1111111111111111,0.5555555555555556,0.2777777777777778,0.0,0.0555555555555555,0.0,0.0,0.0,0.0,0.0,0.0,0.0,0.0,0.0,0.0
16272N2,2795.55,0.355595,39.21249,0.0,0.0,0.5789473684210527,0.3859649122807017,0.0,0.0350877192982456,0.0,0.0,0.0,0.0,0.0,0.0,0.0,0.0,0.0,0.0
18101N2,2322.7,0.41945,28.47879,0.0,0.0555555555555555,0.5555555555555556,0.3333333333333333,0.0,0.0555555555555555,0.0,0.0,0.0,0.0,0.0,0.0,0.0,0.0,0.0,0.0
17110N2,3337.0,0.35903,25.71565,0.0,0.0294117647058823,0.4705882352941176,0.4705882352941176,0.0,0.0294117647058823,0.0,0.0,0.0,0.0,0.0,0.0,0.0,0.0,0.0,0.0
12020N2,1350.56,0.780161,18.52902,0.036697247706422,0.073394495412844,0.5871559633027523,0.2201834862385321,0.0,0.073394495412844,0.0,0.0,0.0091743119266055,0.0,0.0,0.0,0.0,0.0,0.0,0.0
