,0,1,2,3,4,5,6,7,8,9,10,11,12,13,14,15,16,17,18,19,20,21,22,23,24,25,26,27,28,29,30,31,32,33,34,35,36,37,38,39,40,41,42,43,44,45,46,47,48,49,50,51,52,53,54,55,56,57,58,59,60,61,62,63,64,65,66,67,68,69,70,71,72,73,74
0,0.16264704,0.0,0.021006195,0.0,0.0,0.0,0.0,0.04236429,0.0,0.0,0.0,0.014130722,0.005373398,0.0,0.047255658,0.11897854,0.0,0.0,0.0,0.0,0.0816661,0.12895125,0.029307995,0.0,0.0,0.0,0.0,0.15258835,0.0,0.008261396,0.0,0.019726606,0.0,0.0203813,0.040871035,0.0,0.048399113,0.12317425,0.08489919,0.0,0.0,0.04587713,0.0,0.08530245,0.0,0.0,0.0,0.0,0.08147714,0.089001045,0.011471652,0.061059088,0.10397016,0.0,0.037051074,0.03208492,0.0,0.0,0.0,0.13136366,0.0024296958,0.0012760796,0.0,0.0,0.106155746,0.037584156,0.0,0.0,0.0,0.04621423,0.0,0.0,0.11569843,0.0,0.04710176
1,0.162806,0.0,0.020435866,0.0,0.0,0.0,0.0,0.042121246,0.0,0.0,0.0,0.01436221,0.005046647,0.0,0.046920937,0.11877137,0.0,0.0,0.0,0.0,0.08134238,0.12880239,0.029260188,0.0,0.0,0.0,0.0,0.1524006,0.0,0.008842794,0.0,0.019662336,0.0,0.020563489,0.041061476,0.0,0.04911254,0.12309538,0.084840775,0.0,0.0,0.046254516,0.0,0.08530174,0.0,0.0,0.0,0.0,0.081396595,0.08868739,0.011959324,0.060967814,0.10437901,0.0,0.03726978,0.032093957,0.0,0.0,0.0,0.13138384,0.0022719596,0.00089605525,0.0,0.0,0.10604984,0.03733528,0.0,0.0,0.0,0.04568403,0.0,0.0,0.11548879,0.0,0.047248665
2,0.16276485,0.0,0.020532168,0.0,0.0,0.0,0.0,0.04213669,0.0,0.0,0.0,0.014355047,0.005073238,0.0,0.047006734,0.11877262,0.0,0.0,0.0,0.0,0.08136663,0.12875715,0.02920591,0.0,0.0,0.0,0.0,0.152436,0.0,0.008753002,0.0,0.019703751,0.0,0.020497523,0.04099283,0.0,0.048967507,0.12311288,0.0848486,0.0,0.0,0.046214566,0.0,0.085261516,0.0,0.0,0.0,0.0,0.081390925,0.08870209,0.0118517,0.06102386,0.10429486,0.0,0.037257336,0.03211876,0.0,0.0,0.0,0.13134745,0.0022631977,0.0009769928,0.0,0.0,0.1060677,0.03740716,0.0,0.0,0.0,0.045841705,0.0,0.0,0.11553497,0.0,0.047197342
3,0.16279913,0.0,0.02048686,0.0,0.0,0.0,0.0,0.042172983,0.0,0.0,0.0,0.014274377,0.005207017,0.0,0.046841767,0.11879407,0.0,0.0,0.0,0.0,0.08133115,0.12902264,0.029549867,0.0,0.0,0.0,0.0,0.15223484,0.0,0.00869311,0.0,0.019492747,0.0,0.020581864,0.041246958,0.0,0.049324058,0.12302241,0.08454,0.0,0.0,0.046149656,0.0,0.08542541,0.0,0.0,0.0,0.0,0.08160086,0.088840015,0.011922145,0.060670145,0.10431022,0.0,0.037155226,0.032083005,0.0,0.0,0.0,0.13148075,0.002457654,0.0009290874,0.0,0.0,0.10605334,0.03717868,0.0,0.0,0.0,0.0457101,0.0,0.0,0.115306474,0.0,0.04724965
4,0.16277125,0.0,0.020507757,0.0,0.0,0.0,0.0,0.042162318,0.0,0.0,0.0,0.014344316,0.0050853677,0.0,0.04699338,0.11878432,0.0,0.0,0.0,0.0,0.08137188,0.12879643,0.029252995,0.0,0.0,0.0,0.0,0.1524123,0.0,0.0087358765,0.0,0.019695396,0.0,0.020516384,0.04102154,0.0,0.04901196,0.12312609,0.08484297,0.0,0.0,0.04620906,0.0,0.085276015,0.0,0.0,0.0,0.0,0.08140209,0.08873546,0.011868616,0.060992345,0.104308784,0.0,0.037249316,0.03211256,0.0,0.0,0.0,0.13135928,0.002302399,0.0009527877,0.0,0.0,0.106077716,0.03737759,0.0,0.0,0.0,0.045767907,0.0,0.0,0.115542516,0.0,0.04723382
5,0.16258138,0.0,0.020965353,0.0,0.0,0.0,0.0,0.04243575,0.0,0.0,0.0,0.013925286,0.005805161,0.0,0.047037594,0.11888356,0.0,0.0,0.0,0.0,0.08140628,0.12947504,0.030243974,0.0,0.0,0.0,0.0,0.1518715,0.0,0.007814933,0.0,0.019213567,0.0,0.020304061,0.04150704,0.0,0.0493535,0.12301546,0.08366904,0.0,0.0,0.045660168,0.0,0.085615106,0.0,0.0,0.0,0.0,0.08216933,0.08952027,0.011294534,0.059990935,0.10382134,0.0,0.036745608,0.03215552,0.0,0.0,0.0,0.1316636,0.003031144,0.0012949631,0.0,0.0,0.10617894,0.03702418,0.0,0.0,0.0,0.04629499,0.0,0.0,0.1150718,0.0,0.047145106
6,0.1628776,0.0,0.020210046,0.0,0.0,0.0,0.0,0.041969158,0.0,0.0,0.0,0.014603421,0.00458866,0.0,0.047025383,0.11873935,0.0,0.0,0.0,0.0,0.081377596,0.12828495,0.028515592,0.0,0.0,0.0,0.0,0.15283912,0.0,0.009351635,0.0,0.020090947,0.0,0.020606961,0.040618673,0.0,0.04865046,0.12326223,0.085714,0.0,0.0,0.046572834,0.0,0.08502013,0.0,0.0,0.0,0.0,0.080839455,0.08823982,0.012208845,0.061740827,0.10464238,0.0,0.03759705,0.03207361,0.0,0.0,0.0,0.13115926,0.0017700847,0.00073178485,0.0,0.0,0.10600729,0.037691314,0.0,0.0,0.0,0.045416996,0.0,0.0,0.11595229,0.0,0.047282934
7,0.16273715,0.0,0.020622289,0.0,0.0,0.0,0.0,0.042229116,0.0,0.0,0.0,0.014208329,0.0053417366,0.0,0.046908922,0.11880013,0.0,0.0,0.0,0.0,0.08134022,0.12909889,0.02967915,0.0,0.0,0.0,0.0,0.15215392,0.0,0.008468911,0.0,0.019439632,0.0,0.02050034,0.04128419,0.0,0.049296446,0.12301178,0.084332645,0.0,0.0,0.046036065,0.0,0.08544713,0.0,0.0,0.0,0.0,0.08173126,0.08897376,0.01174848,0.060534924,0.10416518,0.0,0.037068002,0.0321182,0.0,0.0,0.0,0.13149795,0.002579378,0.001043383,0.0,0.0,0.106083,0.03715974,0.0,0.0,0.0,0.04591654,0.0,0.0,0.11525506,0.0,0.047203705
8,0.16271695,0.0,0.020680621,0.0,0.0,0.0,0.0,0.042264946,0.0,0.0,0.0,0.014168205,0.005443612,0.0,0.04690133,0.118806526,0.0,0.0,0.0,0.0,0.08133376,0.12920251,0.02981098,0.0,0.0,0.0,0.0,0.15206996,0.0,0.008336097,0.0,0.01937313,0.0,0.020479964,0.04135604,0.0,0.049361277,0.12297096,0.084161475,0.0,0.0,0.045962602,0.0,0.085491344,0.0,0.0,0.0,0.0,0.081842884,0.08906558,0.011684789,0.060388602,0.10408565,0.0,0.03700444,0.032125264,0.0,0.0,0.0,0.13153036,0.0026872177,0.0010935254,0.0,0.0,0.106087364,0.037101932,0.0,0.0,0.0,0.045994982,0.0,0.0,0.115174614,0.0,0.047180083
9,0.16272555,0.0,0.020623488,0.0,0.0,0.0,0.0,0.042209573,0.0,0.0,0.0,0.014255812,0.0052673686,0.0,0.046982296,0.118785515,0.0,0.0,0.0,0.0,0.08134982,0.12896474,0.029510513,0.0,0.0,0.0,0.0,0.15224831,0.0,0.00851124,0.0,0.019546477,0.0,0.020463247,0.041164283,0.0,0.04914159,0.12305945,0.084489346,0.0,0.0,0.04607831,0.0,0.08536548,0.0,0.0,0.0,0.0,0.08162212,0.08890391,0.011728298,0.060708523,0.104171865,0.0,0.03712417,0.03213597,0.0,0.0,0.0,0.13143297,0.00248182,0.001052022,0.0,0.0,0.10608913,0.037265882,0.0,0.0,0.0,0.045953035,0.0,0.0,0.11536971,0.0,0.04718769
10,0.1626317,0.0,0.020987922,0.0,0.0,0.0,0.0,0.04242192,0.0,0.0,0.0,0.01405772,0.005536584,0.0,0.04718817,0.11894477,0.0,0.0,0.0,0.0,0.08159509,0.12916532,0.02966506,0.0,0.0,0.0,0.0,0.1523314,0.0,0.008070972,0.0,0.019549953,0.0,0.020387853,0.041106068,0.0,0.048764147,0.12311044,0.084479615,0.0,0.0,0.045790896,0.0,0.08542199,0.0,0.0,0.0,0.0,0.08172484,0.089205936,0.011412071,0.060669057,0.103912,0.0,0.03694019,0.032095425,0.0,0.0,0.0,0.13145205,0.0026733484,0.0012615509,0.0,0.0,0.106167436,0.037367772,0.0,0.0,0.0,0.046195578,0.0,0.0,0.11547868,0.0,0.047136202
11,0.1626031,0.0,0.021032445,0.0,0.0,0.0,0.0,0.042430483,0.0,0.0,0.0,0.014003167,0.0056314766,0.0,0.047157377,0.118946806,0.0,0.0,0.0,0.0,0.081558354,0.12926064,0.029820167,0.0,0.0,0.0,0.0,0.15221588,0.0,0.007968295,0.0,0.01945355,0.0,0.020345358,0.041203104,0.0,0.04886265,0.123083785,0.08424873,0.0,0.0,0.045729645,0.0,0.08547236,0.0,0.0,0.0,0.0,0.08185578,0.089294836,0.011349315,0.060490724,0.1038542,0.0,0.036873765,0.03212356,0.0,0.0,0.0,0.13151467,0.0027800892,0.0013189837,0.0,0.0,0.10618149,0.037291337,0.0,0.0,0.0,0.046291888,0.0,0.0,0.11537266,0.0,0.047122505
12,0.16263725,0.0,0.020869806,0.0,0.0,0.0,0.0,0.04241692,0.0,0.0,0.0,0.013939381,0.0057585128,0.0,0.04694119,0.1188938,0.0,0.0,0.0,0.0,0.081398286,0.12951642,0.030271314,0.0,0.0,0.0,0.0,0.15186702,0.0,0.007946627,0.0,0.019180123,0.0,0.020391833,0.04156709,0.0,0.04948103,0.12299682,0.08372092,0.0,0.0,0.045708373,0.0,0.08565483,0.0,0.0,0.0,0.0,0.08214553,0.08947775,0.011435138,0.059971575,0.10392411,0.0,0.03676961,0.032116912,0.0,0.0,0.0,0.13169365,0.0030150209,0.0012009218,0.0,0.0,0.10616277,0.03696624,0.0,0.0,0.0,0.04610751,0.0,0.0,0.11503562,0.0,0.0471954
13,0.16275421,0.0,0.020566203,0.0,0.0,0.0,0.0,0.042190567,0.0,0.0,0.0,0.014270225,0.005231159,0.0,0.046933815,0.11878684,0.0,0.0,0.0,0.0,0.08134306,0.12896952,0.02950174,0.0,0.0,0.0,0.0,0.15225622,0.0,0.008593893,0.0,0.019539759,0.0,0.02050702,0.04118092,0.0,0.0491954,0.123050764,0.084532686,0.0,0.0,0.04611527,0.0,0.0853792,0.0,0.0,0.0,0.0,0.081597924,0.088866636,0.011806872,0.060717646,0.10423095,0.0,0.037145235,0.032116137,0.0,0.0,0.0,0.13144404,0.0024571475,0.0010023303,0.0,0.0,0.106073886,0.03724473,0.0,0.0,0.0,0.045857213,0.0,0.0,0.11535957,0.0,0.047211003
14,0.16270545,0.0,0.020682992,0.0,0.0,0.0,0.0,0.042251773,0.0,0.0,0.0,0.014177268,0.005414257,0.0,0.046933,0.11880071,0.0,0.0,0.0,0.0,0.08133665,0.12914233,0.029748075,0.0,0.0,0.0,0.0,0.15210593,0.0,0.00835854,0.0,0.019410755,0.0,0.020456688,0.0413063,0.0,0.04929202,0.123000026,0.084220365,0.0,0.0,0.045981504,0.0,0.085462905,0.0,0.0,0.0,0.0,0.081805035,0.08904116,0.011668333,0.06045725,0.10409163,0.0,0.037022997,0.032134958,0.0,0.0,0.0,0.13151217,0.0026390348,0.0011015069,0.0,0.0,0.10608991,0.037145697,0.0,0.0,0.0,0.04601783,0.0,0.0,0.11522312,0.0,0.047173444
15,0.16270676,0.0,0.020695262,0.0,0.0,0.0,0.0,0.04226044,0.0,0.0,0.0,0.014202254,0.005425308,0.0,0.04694606,0.11878665,0.0,0.0,0.0,0.0,0.081337765,0.12913606,0.029719733,0.0,0.0,0.0,0.0,0.15211494,0.0,0.008338196,0.0,0.019436456,0.0,0.020458838,0.04129415,0.0,0.049279496,0.12297933,0.08424406,0.0,0.0,0.045971885,0.0,0.0854481,0.0,0.0,0.0,0.0,0.08178884,0.08902682,0.011665671,0.06048332,0.10406054,0.0,0.03703295,0.032140404,0.0,0.0,0.0,0.13147745,0.0026395936,0.0011045076,0.0,0.0,0.10609302,0.037162133,0.0,0.0,0.0,0.046032,0.0,0.0,0.11523344,0.0,0.04715562
16,0.16292295,0.0,0.020146685,0.0,0.0,0.0,0.0,0.041964307,0.0,0.0,0.0,0.014579232,0.004639039,0.0,0.046889447,0.11873768,0.0,0.0,0.0,0.0,0.081333034,0.12843858,0.028712578,0.0,0.0,0.0,0.0,0.15271613,0.0,0.009381421,0.0,0.019948926,0.0,0.020686483,0.04079274,0.0,0.04892853,0.12318067,0.08552248,0.0,0.0,0.046560436,0.0,0.08512316,0.0,0.0,0.0,0.0,0.08095308,0.088284805,0.012303886,0.061518587,0.10469303,0.0,0.037554473,0.03204301,0.0,0.0,0.0,0.13124214,0.0018686503,0.0006664749,0.0,0.0,0.10598673,0.037535038,0.0,0.0,0.0,0.04530251,0.0,0.0,0.11577441,0.0,0.04731887
17,0.1626369,0.0,0.020836487,0.0,0.0,0.0,0.0,0.04239129,0.0,0.0,0.0,0.014046624,0.005573921,0.0,0.04707715,0.118882075,0.0,0.0,0.0,0.0,0.08144867,0.12924892,0.029895153,0.0,0.0,0.0,0.0,0.15210074,0.0,0.008076288,0.0,0.019425344,0.0,0.020372432,0.041304164,0.0,0.04914716,0.12310186,0.08415219,0.0,0.0,0.0458159,0.0,0.08548707,0.0,0.0,0.0,0.0,0.081871495,0.08930481,0.011453132,0.06038344,0.10397876,0.0,0.03690929,0.032133363,0.0,0.0,0.0,0.13154802,0.0028001461,0.0011785626,0.0,0.0,0.106170766,0.037185837,0.0,0.0,0.0,0.046077825,0.0,0.0,0.11531679,0.0,0.047205105
18,0.1626088,0.0,0.0209473,0.0,0.0,0.0,0.0,0.042432696,0.0,0.0,0.0,0.013998674,0.0056430064,0.0,0.047122244,0.11892213,0.0,0.0,0.0,0.0,0.08150304,0.12929326,0.029926367,0.0,0.0,0.0,0.0,0.15211974,0.0,0.007969372,0.0,0.01941242,0.0,0.020341296,0.04128804,0.0,0.049037732,0.123104185,0.08413063,0.0,0.0,0.04574269,0.0,0.085499234,0.0,0.0,0.0,0.0,0.08190605,0.08936173,0.011368062,0.06037491,0.103899345,0.0,0.036859106,0.032131545,0.0,0.0,0.0,0.13155569,0.0028383862,0.0012560152,0.0,0.0,0.1061882,0.037215132,0.0,0.0,0.0,0.046188943,0.0,0.0,0.11532772,0.0,0.047173288
19,0.16269289,0.0,0.020724056,0.0,0.0,0.0,0.0,0.042278692,0.0,0.0,0.0,0.014142662,0.005479589,0.0,0.046929177,0.11880853,0.0,0.0,0.0,0.0,0.08133924,0.12921089,0.029845841,0.0,0.0,0.0,0.0,0.15205176,0.0,0.008276071,0.0,0.019358074,0.0,0.020446852,0.04135999,0.0,0.049338654,0.122981094,0.08410715,0.0,0.0,0.045931898,0.0,0.08549694,0.0,0.0,0.0,0.0,0.08187787,0.08910665,0.011622992,0.060359478,0.10404679,0.0,0.036976695,0.032138743,0.0,0.0,0.0,0.13153793,0.002710523,0.0011308882,0.0,0.0,0.10609953,0.037104025,0.0,0.0,0.0,0.046063635,0.0,0.0,0.11516847,0.0,0.047167365
20,0.16278769,0.0,0.020505859,0.0,0.0,0.0,0.0,0.042171225,0.0,0.0,0.0,0.01430598,0.00520698,0.0,0.046877347,0.11877538,0.0,0.0,0.0,0.0,0.08132812,0.1289827,0.029479358,0.0,0.0,0.0,0.0,0.15226002,0.0,0.0086693335,0.0,0.019546995,0.0,0.020560104,0.04119897,0.0,0.0492615,0.123013526,0.084586635,0.0,0.0,0.046147645,0.0,0.08539032,0.0,0.0,0.0,0.0,0.081571564,0.08881399,0.011901053,0.06073065,0.104269005,0.0,0.03717593,0.032096103,0.0,0.0,0.0,0.13143423,0.0024344716,0.0009484552,0.0,0.0,0.10605101,0.03722349,0.0,0.0,0.0,0.045757268,0.0,0.0,0.11534535,0.0,0.047216244
21,0.1629219,0.0,0.020098168,0.0,0.0,0.0,0.0,0.041877918,0.0,0.0,0.0,0.014701802,0.004394699,0.0,0.04702605,0.11871006,0.0,0.0,0.0,0.0,0.08136417,0.12808442,0.028251477,0.0,0.0,0.0,0.0,0.1529906,0.0,0.009612432,0.0,0.020211417,0.0,0.020642582,0.040487096,0.0,0.048553303,0.12330107,0.086,0.0,0.0,0.04671575,0.0,0.08493296,0.0,0.0,0.0,0.0,0.08063693,0.08804528,0.012338828,0.061998807,0.10478648,0.0,0.037724324,0.03205969,0.0,0.0,0.0,0.1310944,0.0015605688,0.0006401539,0.0,0.0,0.10598102,0.03779741,0.0,0.0,0.0,0.04530539,0.0,0.0,0.11606421,0.0,0.04729836
22,0.1627512,0.0,0.020585459,0.0,0.0,0.0,0.0,0.04220877,0.0,0.0,0.0,0.014241349,0.005284272,0.0,0.046911117,0.1187941,0.0,0.0,0.0,0.0,0.08134001,0.12903981,0.029595867,0.0,0.0,0.0,0.0,0.15220284,0.0,0.008542124,0.0,0.0194851,0.0,0.020511597,0.041240208,0.0,0.049260613,0.12302794,0.084435,0.0,0.0,0.046078898,0.0,0.08541761,0.0,0.0,0.0,0.0,0.08166403,0.08891754,0.011790912,0.060621858,0.10420623,0.0,0.03710776,0.032113828,0.0,0.0,0.0,0.13147417,0.002518082,0.0010144524,0.0,0.0,0.10607719,0.037195563,0.0,0.0,0.0,0.04586947,0.0,0.0,0.11530192,0.0,0.04721091
23,0.16270672,0.0,0.020684924,0.0,0.0,0.0,0.0,0.04225469,0.0,0.0,0.0,0.014175441,0.005413398,0.0,0.046934403,0.11880241,0.0,0.0,0.0,0.0,0.0813404,0.12914374,0.029750887,0.0,0.0,0.0,0.0,0.15210724,0.0,0.008358074,0.0,0.019408502,0.0,0.02045993,0.041308396,0.0,0.049293473,0.1230014,0.08422054,0.0,0.0,0.0459802,0.0,0.08546341,0.0,0.0,0.0,0.0,0.08180332,0.08904256,0.011667292,0.060457416,0.104093365,0.0,0.037022013,0.03213416,0.0,0.0,0.0,0.13151185,0.002642097,0.0010998137,0.0,0.0,0.106093034,0.037144396,0.0,0.0,0.0,0.046015367,0.0,0.0,0.115222365,0.0,0.04717804
24,0.16274822,0.0,0.020570206,0.0,0.0,0.0,0.0,0.042163722,0.0,0.0,0.0,0.014315168,0.005148854,0.0,0.047000278,0.11877781,0.0,0.0,0.0,0.0,0.08136235,0.12883507,0.029320732,0.0,0.0,0.0,0.0,0.15236668,0.0,0.008657318,0.0,0.01964348,0.0,0.020482088,0.04105534,0.0,0.04902845,0.123091735,0.08470828,0.0,0.0,0.046161547,0.0,0.08530156,0.0,0.0,0.0,0.0,0.08147991,0.08878048,0.011799435,0.060904033,0.1042455,0.0,0.03720458,0.03212475,0.0,0.0,0.0,0.1313812,0.0023465771,0.0010093655,0.0,0.0,0.106073745,0.03735533,0.0,0.0,0.0,0.045892507,0.0,0.0,0.11547128,0.0,0.047191508
25,0.16300893,0.0,0.019889068,0.0,0.0,0.0,0.0,0.04180158,0.0,0.0,0.0,0.0147818215,0.004219558,0.0,0.046918053,0.11869778,0.0,0.0,0.0,0.0,0.081336915,0.12800388,0.028118752,0.0,0.0,0.0,0.0,0.15306687,0.0,0.009911198,0.0,0.02026222,0.0,0.020760292,0.040467802,0.0,0.048646063,0.12331325,0.08623469,0.0,0.0,0.046870373,0.0,0.08491868,0.0,0.0,0.0,0.0,0.080485895,0.087884836,0.012580654,0.062133394,0.10499593,0.0,0.03783702,0.032012142,0.0,0.0,0.0,0.13108972,0.0014210958,0.00046895444,0.0,0.0,0.10593714,0.03778918,0.0,0.0,0.0,0.044996746,0.0,0.0,0.116112284,0.0,0.047380142
26,0.16292782,0.0,0.020148365,0.0,0.0,0.0,0.0,0.041981306,0.0,0.0,0.0,0.014524639,0.0047066957,0.0,0.046827227,0.11875168,0.0,0.0,0.0,0.0,0.08132976,0.12855263,0.02887347,0.0,0.0,0.0,0.0,0.15263307,0.0,0.009350635,0.0,0.019843858,0.0,0.020714829,0.04090101,0.0,0.049062945,0.12315129,0.085379496,0.0,0.0,0.04652372,0.0,0.0852024,0.0,0.0,0.0,0.0,0.08105223,0.088354066,0.01231169,0.061363705,0.10469431,0.0,0.037496828,0.032029346,0.0,0.0,0.0,0.1313092,0.0019488744,0.00066030025,0.0,0.0,0.10598576,0.037440907,0.0,0.0,0.0,0.04527239,0.0,0.0,0.11567448,0.0,0.04733947
27,0.16280515,0.0,0.020442775,0.0,0.0,0.0,0.0,0.042134315,0.0,0.0,0.0,0.014394793,0.005049696,0.0,0.046937272,0.11876642,0.0,0.0,0.0,0.0,0.081348665,0.12879321,0.029201958,0.0,0.0,0.0,0.0,0.15242267,0.0,0.008820066,0.0,0.019717595,0.0,0.020562898,0.04102499,0.0,0.049065456,0.12308547,0.08491084,0.0,0.0,0.04625307,0.0,0.0852746,0.0,0.0,0.0,0.0,0.08136521,0.088663235,0.011969674,0.06102506,0.104343526,0.0,0.03729073,0.032097846,0.0,0.0,0.0,0.13133958,0.0022652764,0.0009043943,0.0,0.0,0.106048845,0.037367776,0.0,0.0,0.0,0.045678385,0.0,0.0,0.11553491,0.0,0.047228627
28,0.16274014,0.0,0.02058374,0.0,0.0,0.0,0.0,0.042184092,0.0,0.0,0.0,0.014292718,0.0051961504,0.0,0.04698974,0.11877891,0.0,0.0,0.0,0.0,0.08135183,0.12889019,0.029404774,0.0,0.0,0.0,0.0,0.15231055,0.0,0.008598402,0.0,0.019603267,0.0,0.020475823,0.041106153,0.0,0.04908827,0.12308113,0.084615044,0.0,0.0,0.04612951,0.0,0.08532765,0.0,0.0,0.0,0.0,0.0815399,0.08883375,0.0117747,0.060817778,0.10421969,0.0,0.037173375,0.032131433,0.0,0.0,0.0,0.13140263,0.0024060793,0.0010203477,0.0,0.0,0.10608251,0.037312582,0.0,0.0,0.0,0.045904443,0.0,0.0,0.11542974,0.0,0.047196202
29,0.16277865,0.0,0.020546641,0.0,0.0,0.0,0.0,0.04221303,0.0,0.0,0.0,0.014210484,0.0053371303,0.0,0.046810847,0.118805304,0.0,0.0,0.0,0.0,0.08131999,0.12917124,0.029745497,0.0,0.0,0.0,0.0,0.15211459,0.0,0.008544624,0.0,0.01938522,0.0,0.020571366,0.041359954,0.0,0.04943523,0.12296915,0.08430818,0.0,0.0,0.046057492,0.0,0.0854986,0.0,0.0,0.0,0.0,0.08175644,0.08895835,0.011857424,0.060457326,0.10422633,0.0,0.037072286,0.032087184,0.0,0.0,0.0,0.1315394,0.0025968608,0.0009802617,0.0,0.0,0.10605547,0.03708282,0.0,0.0,0.0,0.045784272,0.0,0.0,0.11518962,0.0,0.047230452
30,0.16271622,0.0,0.020680575,0.0,0.0,0.0,0.0,0.04226373,0.0,0.0,0.0,0.014168922,0.0054431874,0.0,0.04690112,0.11880623,0.0,0.0,0.0,0.0,0.08133271,0.12920174,0.029808544,0.0,0.0,0.0,0.0,0.15207002,0.0,0.0083364975,0.0,0.019374903,0.0,0.020477906,0.04135471,0.0,0.04936077,0.122971065,0.084162004,0.0,0.0,0.04596436,0.0,0.08549144,0.0,0.0,0.0,0.0,0.08184312,0.08906494,0.011685816,0.060390055,0.10408537,0.0,0.03700442,0.032125145,0.0,0.0,0.0,0.13153034,0.0026859138,0.0010946188,0.0,0.0,0.10608621,0.0371029,0.0,0.0,0.0,0.04599595,0.0,0.0,0.115174465,0.0,0.047178585
31,0.16267648,0.0,0.020787466,0.0,0.0,0.0,0.0,0.04229051,0.0,0.0,0.0,0.014151814,0.0054015517,0.0,0.04705915,0.11884801,0.0,0.0,0.0,0.0,0.08143026,0.12906411,0.02962372,0.0,0.0,0.0,0.0,0.1522412,0.0,0.008307785,0.0,0.019511107,0.0,0.020404689,0.041175626,0.0,0.049032517,0.12308232,0.084387824,0.0,0.0,0.04594636,0.0,0.08540125,0.0,0.0,0.0,0.0,0.08170692,0.089061216,0.011573473,0.060628086,0.10405751,0.0,0.037026696,0.032128155,0.0,0.0,0.0,0.1314637,0.002591448,0.0011508334,0.0,0.0,0.106135465,0.037284426,0.0,0.0,0.0,0.04609051,0.0,0.0,0.115369365,0.0,0.04716115
32,0.16280921,0.0,0.020482989,0.0,0.0,0.0,0.0,0.042188928,0.0,0.0,0.0,0.01428365,0.0052811764,0.0,0.046769604,0.11878802,0.0,0.0,0.0,0.0,0.081302166,0.12913942,0.029645354,0.0,0.0,0.0,0.0,0.15215462,0.0,0.0086424295,0.0,0.01944722,0.0,0.02062312,0.041339777,0.0,0.049461395,0.12293285,0.08444448,0.0,0.0,0.046108276,0.0,0.08547697,0.0,0.0,0.0,0.0,0.08167216,0.08885919,0.011972159,0.06055644,0.10427097,0.0,0.037134692,0.03207154,0.0,0.0,0.0,0.13148674,0.0025436897,0.00091972575,0.0,0.0,0.10604418,0.03710106,0.0,0.0,0.0,0.045674868,0.0,0.0,0.11522045,0.0,0.047232695
33,0.16261023,0.0,0.020942396,0.0,0.0,0.0,0.0,0.04244724,0.0,0.0,0.0,0.0139712505,0.005705785,0.0,0.047073048,0.11890647,0.0,0.0,0.0,0.0,0.08145623,0.12938653,0.030088753,0.0,0.0,0.0,0.0,0.15200368,0.0,0.007895179,0.0,0.01931729,0.0,0.020350322,0.04140218,0.0,0.049207732,0.1230528,0.08392862,0.0,0.0,0.045707777,0.0,0.08555574,0.0,0.0,0.0,0.0,0.08202739,0.0894333,0.0113496855,0.060187917,0.10388296,0.0,0.036817588,0.032138415,0.0,0.0,0.0,0.13159679,0.0029330943,0.0012556799,0.0,0.0,0.10618486,0.0371025,0.0,0.0,0.0,0.046199888,0.0,0.0,0.11520443,0.0,0.047186725
34,0.16257852,0.0,0.021281881,0.0,0.0,0.0,0.0,0.04247988,0.0,0.0,0.0,0.014085052,0.005504949,0.0,0.047383275,0.11908648,0.0,0.0,0.0,0.0,0.08186273,0.12903327,0.029198572,0.0,0.0,0.0,0.0,0.15273678,0.0,0.0080224145,0.0,0.019809708,0.0,0.020374347,0.04069701,0.0,0.047918335,0.123152226,0.085133046,0.0,0.0,0.045720473,0.0,0.08527648,0.0,0.0,0.0,0.0,0.081456736,0.08898863,0.011324044,0.0612536,0.103699036,0.0,0.0369876,0.03209158,0.0,0.0,0.0,0.13129447,0.002453262,0.0015116669,0.0,0.0,0.10615054,0.037754476,0.0,0.0,0.0,0.04649236,0.0,0.0,0.11588087,0.0,0.046978977
35,0.16279978,0.0,0.020457704,0.0,0.0,0.0,0.0,0.042133693,0.0,0.0,0.0,0.014361998,0.0050701015,0.0,0.046928935,0.1187718,0.0,0.0,0.0,0.0,0.08134161,0.12882216,0.029274032,0.0,0.0,0.0,0.0,0.1523864,0.0,0.008798175,0.0,0.019661903,0.0,0.020553824,0.041067295,0.0,0.04911316,0.12308326,0.08480886,0.0,0.0,0.046235085,0.0,0.085301206,0.0,0.0,0.0,0.0,0.081415676,0.08870502,0.011939617,0.060945906,0.104348026,0.0,0.037259575,0.03209825,0.0,0.0,0.0,0.13137871,0.0023002345,0.00091481395,0.0,0.0,0.10605214,0.037331678,0.0,0.0,0.0,0.045714065,0.0,0.0,0.11547815,0.0,0.04723666
36,0.16266984,0.0,0.020801805,0.0,0.0,0.0,0.0,0.042303868,0.0,0.0,0.0,0.014135367,0.0054289624,0.0,0.047059946,0.11885301,0.0,0.0,0.0,0.0,0.08143164,0.12909275,0.02966452,0.0,0.0,0.0,0.0,0.15221867,0.0,0.008271214,0.0,0.01949372,0.0,0.020397697,0.041196123,0.0,0.04904989,0.12308109,0.08434422,0.0,0.0,0.045926243,0.0,0.08541466,0.0,0.0,0.0,0.0,0.08173594,0.089094415,0.011554128,0.060588606,0.104041554,0.0,0.037007436,0.032129556,0.0,0.0,0.0,0.13147548,0.0026226956,0.0011607502,0.0,0.0,0.10614129,0.037268624,0.0,0.0,0.0,0.046101123,0.0,0.0,0.11535384,0.0,0.047162775
37,0.16260824,0.0,0.021042693,0.0,0.0,0.0,0.0,0.04241911,0.0,0.0,0.0,0.014030836,0.005565308,0.0,0.047196396,0.11896406,0.0,0.0,0.0,0.0,0.08161007,0.12918504,0.029665511,0.0,0.0,0.0,0.0,0.15233359,0.0,0.00803801,0.0,0.019540554,0.0,0.020365756,0.041091323,0.0,0.04869861,0.12310801,0.08445487,0.0,0.0,0.045760185,0.0,0.08542269,0.0,0.0,0.0,0.0,0.08174348,0.08920963,0.011376306,0.060665004,0.103870966,0.0,0.036921423,0.03210988,0.0,0.0,0.0,0.13146435,0.0026914943,0.001322817,0.0,0.0,0.106172934,0.037386782,0.0,0.0,0.0,0.04628087,0.0,0.0,0.11548066,0.0,0.04711037
38,0.16290699,0.0,0.020151146,0.0,0.0,0.0,0.0,0.041894972,0.0,0.0,0.0,0.014687603,0.0044282265,0.0,0.047046933,0.11872427,0.0,0.0,0.0,0.0,0.08139002,0.12810232,0.028246328,0.0,0.0,0.0,0.0,0.15300551,0.0,0.009563353,0.0,0.02021678,0.0,0.020627217,0.040466048,0.0,0.04848668,0.12329582,0.086007155,0.0,0.0,0.04668753,0.0,0.08493403,0.0,0.0,0.0,0.0,0.08064857,0.088057585,0.01230538,0.062011257,0.10473798,0.0,0.037705325,0.032059535,0.0,0.0,0.0,0.13108905,0.0015705787,0.000685066,0.0,0.0,0.105982386,0.03782174,0.0,0.0,0.0,0.045365594,0.0,0.0,0.11607771,0.0,0.047269993
39,0.16288346,0.0,0.020317182,0.0,0.0,0.0,0.0,0.04210684,0.0,0.0,0.0,0.014363439,0.005096566,0.0,0.046718374,0.11877258,0.0,0.0,0.0,0.0,0.08130087,0.12900011,0.029444002,0.0,0.0,0.0,0.0,0.15228353,0.0,0.008929569,0.0,0.019533472,0.0,0.020706985,0.04125239,0.0,0.049437806,0.12296693,0.08472982,0.0,0.0,0.046259336,0.0,0.08543032,0.0,0.0,0.0,0.0,0.081492975,0.08868614,0.012157587,0.060758155,0.10444596,0.0,0.037252545,0.032031603,0.0,0.0,0.0,0.13145897,0.0023559947,0.0007850751,0.0,0.0,0.105995074,0.037154574,0.0,0.0,0.0,0.04544912,0.0,0.0,0.115311876,0.0,0.047279067
40,0.1628051,0.0,0.020436132,0.0,0.0,0.0,0.0,0.042120382,0.0,0.0,0.0,0.014362777,0.0050467625,0.0,0.046920627,0.11877101,0.0,0.0,0.0,0.0,0.081341535,0.12880222,0.029258348,0.0,0.0,0.0,0.0,0.15240031,0.0,0.008842908,0.0,0.019663598,0.0,0.020562042,0.041060366,0.0,0.049112193,0.12309539,0.08484104,0.0,0.0,0.04625588,0.0,0.08530192,0.0,0.0,0.0,0.0,0.08139702,0.088686585,0.011960197,0.060968816,0.10437844,0.0,0.03726959,0.032094173,0.0,0.0,0.0,0.13138361,0.002271114,0.00089729205,0.0,0.0,0.10604894,0.037336055,0.0,0.0,0.0,0.045684896,0.0,0.0,0.11548887,0.0,0.047247402
41,0.16275036,0.0,0.020564644,0.0,0.0,0.0,0.0,0.042178735,0.0,0.0,0.0,0.014319424,0.0051451214,0.0,0.047005564,0.118785396,0.0,0.0,0.0,0.0,0.081373766,0.12883669,0.029307622,0.0,0.0,0.0,0.0,0.15237771,0.0,0.00865254,0.0,0.019663464,0.0,0.020488873,0.041043326,0.0,0.049008217,0.12310435,0.08475186,0.0,0.0,0.046163365,0.0,0.085293025,0.0,0.0,0.0,0.0,0.08146259,0.08877889,0.011809268,0.060930066,0.104244694,0.0,0.037211373,0.03212378,0.0,0.0,0.0,0.13137019,0.002347922,0.0010042861,0.0,0.0,0.10608046,0.03736479,0.0,0.0,0.0,0.04586127,0.0,0.0,0.11550382,0.0,0.04720213
42,0.16273668,0.0,0.020596188,0.0,0.0,0.0,0.0,0.042187355,0.0,0.0,0.0,0.014286858,0.005207084,0.0,0.046992272,0.11878103,0.0,0.0,0.0,0.0,0.08135489,0.12889838,0.029414445,0.0,0.0,0.0,0.0,0.15230691,0.0,0.0085841995,0.0,0.01959695,0.0,0.020472039,0.041109324,0.0,0.04908485,0.12307726,0.08460106,0.0,0.0,0.046120264,0.0,0.08533164,0.0,0.0,0.0,0.0,0.08154985,0.088841796,0.011764025,0.060807876,0.10420868,0.0,0.037165746,0.032131694,0.0,0.0,0.0,0.13140526,0.0024138112,0.0010298938,0.0,0.0,0.10608315,0.037311308,0.0,0.0,0.0,0.045921106,0.0,0.0,0.11542293,0.0,0.047190353
43,0.16267475,0.0,0.020752799,0.0,0.0,0.0,0.0,0.042323686,0.0,0.0,0.0,0.0140867205,0.0055058748,0.0,0.04699516,0.11885221,0.0,0.0,0.0,0.0,0.08139675,0.12921834,0.029866837,0.0,0.0,0.0,0.0,0.15208972,0.0,0.008224951,0.0,0.019393375,0.0,0.020412337,0.041335933,0.0,0.04925894,0.123065546,0.084150106,0.0,0.0,0.045889705,0.0,0.08549692,0.0,0.0,0.0,0.0,0.0818533,0.08921236,0.011560844,0.06037958,0.104058154,0.0,0.036947474,0.032121986,0.0,0.0,0.0,0.13156103,0.0027386155,0.0011213124,0.0,0.0,0.106138736,0.037149306,0.0,0.0,0.0,0.04601413,0.0,0.0,0.115250245,0.0,0.047204405
44,0.1626439,0.0,0.020857427,0.0,0.0,0.0,0.0,0.042373784,0.0,0.0,0.0,0.014072207,0.00550092,0.0,0.047115088,0.11889872,0.0,0.0,0.0,0.0,0.081489265,0.12915587,0.029748805,0.0,0.0,0.0,0.0,0.15221387,0.0,0.008151218,0.0,0.019492589,0.0,0.020372102,0.041205548,0.0,0.0490002,0.12313074,0.08432239,0.0,0.0,0.045854032,0.0,0.085436076,0.0,0.0,0.0,0.0,0.08176696,0.089221336,0.011471321,0.06054797,0.104003824,0.0,0.03695196,0.032117516,0.0,0.0,0.0,0.13150343,0.0027024206,0.0011828691,0.0,0.0,0.10617498,0.037275057,0.0,0.0,0.0,0.046089463,0.0,0.0,0.11539783,0.0,0.047189474
45,0.16277938,0.0,0.020526474,0.0,0.0,0.0,0.0,0.042184338,0.0,0.0,0.0,0.014277106,0.0052345432,0.0,0.046877507,0.118785754,0.0,0.0,0.0,0.0,0.081332296,0.12901455,0.029538281,0.0,0.0,0.0,0.0,0.15223303,0.0,0.008632489,0.0,0.019511377,0.0,0.020551292,0.041227177,0.0,0.049281016,0.12301767,0.08452238,0.0,0.0,0.04612437,0.0,0.085409716,0.0,0.0,0.0,0.0,0.08161116,0.088855326,0.011871366,0.060676217,0.10425782,0.0,0.037147697,0.032098018,0.0,0.0,0.0,0.1314595,0.002469847,0.0009643864,0.0,0.0,0.10605935,0.037200753,0.0,0.0,0.0,0.045780927,0.0,0.0,0.115318604,0.0,0.047222458
46,0.16262168,0.0,0.020932954,0.0,0.0,0.0,0.0,0.042431578,0.0,0.0,0.0,0.0140230395,0.0056610946,0.0,0.04710266,0.11889133,0.0,0.0,0.0,0.0,0.081481874,0.12931299,0.029943042,0.0,0.0,0.0,0.0,0.15208814,0.0,0.007958908,0.0,0.01940105,0.0,0.020354934,0.041316617,0.0,0.049114697,0.12306135,0.08408749,0.0,0.0,0.045749456,0.0,0.085511,0.0,0.0,0.0,0.0,0.081932396,0.089354806,0.011388904,0.060335867,0.10387702,0.0,0.036857698,0.03212683,0.0,0.0,0.0,0.13153976,0.0028513428,0.0012403391,0.0,0.0,0.106171496,0.03718617,0.0,0.0,0.0,0.046185315,0.0,0.0,0.11527628,0.0,0.04715242
47,0.16284001,0.0,0.020400576,0.0,0.0,0.0,0.0,0.042134248,0.0,0.0,0.0,0.014348915,0.0050965566,0.0,0.04682093,0.11878356,0.0,0.0,0.0,0.0,0.08132403,0.12893891,0.02939555,0.0,0.0,0.0,0.0,0.15231754,0.0,0.008839946,0.0,0.019577157,0.0,0.020631721,0.041181456,0.0,0.049293503,0.12302682,0.084732726,0.0,0.0,0.04623276,0.0,0.085374385,0.0,0.0,0.0,0.0,0.081474036,0.08871932,0.012039795,0.060818665,0.10439447,0.0,0.037241284,0.03206569,0.0,0.0,0.0,0.1314322,0.0023611784,0.00085676834,0.0,0.0,0.10603593,0.037226886,0.0,0.0,0.0,0.045585304,0.0,0.0,0.11537794,0.0,0.047269143
48,0.16274375,0.0,0.020610377,0.0,0.0,0.0,0.0,0.042251058,0.0,0.0,0.0,0.01418937,0.00534432,0.0,0.046922892,0.118826956,0.0,0.0,0.0,0.0,0.08136979,0.12911364,0.029685367,0.0,0.0,0.0,0.0,0.15217918,0.0,0.0084688645,0.0,0.019463439,0.0,0.020503625,0.041278843,0.0,0.049279176,0.123049356,0.08437929,0.0,0.0,0.046024695,0.0,0.08545078,0.0,0.0,0.0,0.0,0.08170399,0.08902031,0.011754601,0.060548145,0.10419421,0.0,0.037062697,0.0320967,0.0,0.0,0.0,0.13151233,0.0025932733,0.001012262,0.0,0.0,0.10609747,0.0371762,0.0,0.0,0.0,0.045835387,0.0,0.0,0.115298174,0.0,0.047233354
49,0.16273282,0.0,0.020625051,0.0,0.0,0.0,0.0,0.042270042,0.0,0.0,0.0,0.014144317,0.00537806,0.0,0.04693279,0.11884767,0.0,0.0,0.0,0.0,0.081389666,0.12914743,0.029746491,0.0,0.0,0.0,0.0,0.15216619,0.0,0.00843773,0.0,0.019441321,0.0,0.020490915,0.041300826,0.0,0.04928311,0.12307756,0.08434447,0.0,0.0,0.045996435,0.0,0.08547737,0.0,0.0,0.0,0.0,0.08173141,0.08908731,0.011723338,0.06050551,0.10419741,0.0,0.037029713,0.032087967,0.0,0.0,0.0,0.13154706,0.0026245285,0.0010123011,0.0,0.0,0.10611111,0.037166107,0.0,0.0,0.0,0.045818795,0.0,0.0,0.115299284,0.0,0.04725139
50,0.1629067,0.0,0.020152174,0.0,0.0,0.0,0.0,0.04189591,0.0,0.0,0.0,0.014687294,0.0044286977,0.0,0.047046974,0.118724816,0.0,0.0,0.0,0.0,0.08139124,0.12810288,0.028246932,0.0,0.0,0.0,0.0,0.15300593,0.0,0.009562733,0.0,0.02021672,0.0,0.020627497,0.040466394,0.0,0.048487447,0.12329596,0.0860076,0.0,0.0,0.0466872,0.0,0.08493461,0.0,0.0,0.0,0.0,0.08064814,0.08805826,0.012305446,0.062011585,0.10473787,0.0,0.037704397,0.032059334,0.0,0.0,0.0,0.13108876,0.0015711244,0.0006849058,0.0,0.0,0.105983235,0.037821647,0.0,0.0,0.0,0.045364596,0.0,0.0,0.11607697,0.0,0.04727027
51,0.16276892,0.0,0.020542338,0.0,0.0,0.0,0.0,0.042117037,0.0,0.0,0.0,0.014375213,0.005029209,0.0,0.047026906,0.11877603,0.0,0.0,0.0,0.0,0.08138704,0.12869798,0.029107332,0.0,0.0,0.0,0.0,0.15250623,0.0,0.00880624,0.0,0.019748257,0.0,0.020499853,0.040928796,0.0,0.048874624,0.12312082,0.08495557,0.0,0.0,0.046238557,0.0,0.08523127,0.0,0.0,0.0,0.0,0.08132719,0.088641375,0.011866174,0.061126232,0.10430626,0.0,0.03728714,0.032111637,0.0,0.0,0.0,0.13131896,0.00219539,0.0009814426,0.0,0.0,0.106061034,0.037465207,0.0,0.0,0.0,0.04585886,0.0,0.0,0.11558164,0.0,0.0471781
52,0.16275224,0.0,0.02062139,0.0,0.0,0.0,0.0,0.042260617,0.0,0.0,0.0,0.014163102,0.005470095,0.0,0.04679066,0.118816346,0.0,0.0,0.0,0.0,0.08131096,0.12931766,0.02992075,0.0,0.0,0.0,0.0,0.15200105,0.0,0.008381659,0.0,0.019299258,0.0,0.020560004,0.041467942,0.0,0.04954138,0.12290697,0.08409649,0.0,0.0,0.045961596,0.0,0.08556196,0.0,0.0,0.0,0.0,0.08189322,0.089068554,0.0117936535,0.060272515,0.10413132,0.0,0.0369941,0.032094747,0.0,0.0,0.0,0.1315766,0.0027481,0.0010348819,0.0,0.0,0.10607294,0.037000656,0.0,0.0,0.0,0.045861237,0.0,0.0,0.11508037,0.0,0.047209196
53,0.1628154,0.0,0.020367034,0.0,0.0,0.0,0.0,0.042118225,0.0,0.0,0.0,0.014400344,0.0048251823,0.0,0.047098693,0.11884135,0.0,0.0,0.0,0.0,0.08145966,0.12852022,0.028864186,0.0,0.0,0.0,0.0,0.15271816,0.0,0.009012826,0.0,0.019977156,0.0,0.020524789,0.040755756,0.0,0.048689194,0.12333651,0.0854104,0.0,0.0,0.046361007,0.0,0.08512865,0.0,0.0,0.0,0.0,0.081041515,0.08861479,0.011987742,0.061444856,0.10454326,0.0,0.037416548,0.032053784,0.0,0.0,0.0,0.13128206,0.002042476,0.0007975437,0.0,0.0,0.106098294,0.037608743,0.0,0.0,0.0,0.045455284,0.0,0.0,0.11590479,0.0,0.047342554
54,0.16248308,0.0,0.021354422,0.0,0.0,0.0,0.0,0.04271916,0.0,0.0,0.0,0.013676201,0.006118618,0.0,0.047257673,0.119084984,0.0,0.0,0.0,0.0,0.08168291,0.12975286,0.030517511,0.0,0.0,0.0,0.0,0.15192682,0.0,0.0072780885,0.0,0.019186301,0.0,0.020244941,0.041497134,0.0,0.048993398,0.123092555,0.08362022,0.0,0.0,0.04531628,0.0,0.08570282,0.0,0.0,0.0,0.0,0.082313746,0.089927554,0.010933565,0.05987764,0.10356853,0.0,0.036523774,0.032114036,0.0,0.0,0.0,0.13171071,0.0033084396,0.001503259,0.0,0.0,0.1062928,0.03707874,0.0,0.0,0.0,0.04648289,0.0,0.0,0.115190804,0.0,0.047167502
55,0.16275428,0.0,0.020545457,0.0,0.0,0.0,0.0,0.042163666,0.0,0.0,0.0,0.014322162,0.0051391795,0.0,0.046989523,0.1187734,0.0,0.0,0.0,0.0,0.08135105,0.1288356,0.029327303,0.0,0.0,0.0,0.0,0.15235534,0.0,0.008671664,0.0,0.01964461,0.0,0.020489782,0.04106644,0.0,0.049058363,0.12309721,0.08471127,0.0,0.0,0.04617209,0.0,0.085300885,0.0,0.0,0.0,0.0,0.08147676,0.08877906,0.011818144,0.06089793,0.10426272,0.0,0.03721247,0.032126628,0.0,0.0,0.0,0.13138154,0.0023487005,0.0009897649,0.0,0.0,0.106076546,0.037343252,0.0,0.0,0.0,0.045854665,0.0,0.0,0.115473315,0.0,0.047207
56,0.16275744,0.0,0.020539423,0.0,0.0,0.0,0.0,0.042152144,0.0,0.0,0.0,0.014334486,0.005114151,0.0,0.046995983,0.118772686,0.0,0.0,0.0,0.0,0.081356645,0.12880525,0.029280148,0.0,0.0,0.0,0.0,0.15238595,0.0,0.008702273,0.0,0.019667635,0.0,0.020491287,0.041037373,0.0,0.049024157,0.12310297,0.08476147,0.0,0.0,0.04618989,0.0,0.08528672,0.0,0.0,0.0,0.0,0.08144481,0.08875018,0.011830458,0.060945563,0.10427518,0.0,0.037228845,0.032123215,0.0,0.0,0.0,0.13136967,0.0023159403,0.0009857565,0.0,0.0,0.106070854,0.037367575,0.0,0.0,0.0,0.04585084,0.0,0.0,0.1154961,0.0,0.047202773
57,0.1625849,0.0,0.021279888,0.0,0.0,0.0,0.0,0.042557813,0.0,0.0,0.0,0.01406759,0.0054435395,0.0,0.047506705,0.11916654,0.0,0.0,0.0,0.0,0.08201786,0.12896705,0.029027574,0.0,0.0,0.0,0.0,0.15295148,0.0,0.008040568,0.0,0.02000024,0.0,0.020416766,0.040523864,0.0,0.04759781,0.12329034,0.08555721,0.0,0.0,0.0457147,0.0,0.085214905,0.0,0.0,0.0,0.0,0.08125152,0.089003175,0.011320861,0.061533254,0.10375413,0.0,0.037040126,0.032059155,0.0,0.0,0.0,0.131246,0.0023744907,0.0014631003,0.0,0.0,0.106184974,0.03792248,0.0,0.0,0.0,0.04630778,0.0,0.0,0.11618673,0.0,0.047064528
58,0.16276488,0.0,0.020532211,0.0,0.0,0.0,0.0,0.04213678,0.0,0.0,0.0,0.01435509,0.0050732642,0.0,0.047006734,0.118772656,0.0,0.0,0.0,0.0,0.08136664,0.12875718,0.029205896,0.0,0.0,0.0,0.0,0.15243599,0.0,0.008752944,0.0,0.019703755,0.0,0.020497479,0.040992822,0.0,0.048967447,0.12311288,0.08484866,0.0,0.0,0.04621455,0.0,0.08526144,0.0,0.0,0.0,0.0,0.08139089,0.088702075,0.011851706,0.06102393,0.104294784,0.0,0.037257347,0.032118775,0.0,0.0,0.0,0.1313474,0.0022632834,0.0009770766,0.0,0.0,0.10606778,0.03740718,0.0,0.0,0.0,0.04584168,0.0,0.0,0.11553504,0.0,0.047197327
59,0.16286024,0.0,0.020289931,0.0,0.0,0.0,0.0,0.04203525,0.0,0.0,0.0,0.014484695,0.004808951,0.0,0.046931367,0.11875047,0.0,0.0,0.0,0.0,0.081344604,0.12856676,0.028923918,0.0,0.0,0.0,0.0,0.15259695,0.0,0.009142894,0.0,0.019842518,0.0,0.020614592,0.040883116,0.0,0.04896299,0.123165324,0.08525115,0.0,0.0,0.046428695,0.0,0.08518428,0.0,0.0,0.0,0.0,0.081128344,0.08845648,0.012129111,0.061315775,0.104549356,0.0,0.037433464,0.032075472,0.0,0.0,0.0,0.13129112,0.0020268094,0.0007795431,0.0,0.0,0.106025934,0.03747543,0.0,0.0,0.0,0.0454955,0.0,0.0,0.11567854,0.0,0.047286674
60,0.16285439,0.0,0.020290133,0.0,0.0,0.0,0.0,0.04198237,0.0,0.0,0.0,0.014556594,0.004676357,0.0,0.04702408,0.11873847,0.0,0.0,0.0,0.0,0.08137097,0.1283582,0.028635468,0.0,0.0,0.0,0.0,0.15277109,0.0,0.009254597,0.0,0.020004464,0.0,0.020579027,0.04068623,0.0,0.048702963,0.12322079,0.0855304,0.0,0.0,0.04650499,0.0,0.08506677,0.0,0.0,0.0,0.0,0.08094667,0.08831236,0.012130042,0.061605237,0.1045754,0.0,0.037530504,0.032082684,0.0,0.0,0.0,0.1311968,0.0018443074,0.0007893704,0.0,0.0,0.10601434,0.037645727,0.0,0.0,0.0,0.04554691,0.0,0.0,0.11584781,0.0,0.047246695
61,0.16296162,0.0,0.020005286,0.0,0.0,0.0,0.0,0.041825756,0.0,0.0,0.0,0.014789359,0.0042272583,0.0,0.04703875,0.11869541,0.0,0.0,0.0,0.0,0.081378564,0.12791449,0.028005552,0.0,0.0,0.0,0.0,0.15314478,0.0,0.009827057,0.0,0.020338496,0.0,0.020683194,0.04035518,0.0,0.048436064,0.12335114,0.08630446,0.0,0.0,0.046839386,0.0,0.08484954,0.0,0.0,0.0,0.0,0.080434345,0.08787764,0.012458039,0.062262744,0.10490733,0.0,0.037835114,0.032045826,0.0,0.0,0.0,0.13102315,0.001383923,0.0005589202,0.0,0.0,0.105970636,0.037907608,0.0,0.0,0.0,0.045178674,0.0,0.0,0.11620134,0.0,0.047326572
62,0.16278626,0.0,0.020465737,0.0,0.0,0.0,0.0,0.042121567,0.0,0.0,0.0,0.014379373,0.0050266683,0.0,0.046980087,0.11876425,0.0,0.0,0.0,0.0,0.08135003,0.128735,0.029180072,0.0,0.0,0.0,0.0,0.15244251,0.0,0.008824335,0.0,0.019719984,0.0,0.020524465,0.040994555,0.0,0.049009737,0.12312428,0.08490038,0.0,0.0,0.04625751,0.0,0.085254066,0.0,0.0,0.0,0.0,0.08135405,0.088669084,0.011913609,0.06105043,0.104353,0.0,0.037288778,0.032113045,0.0,0.0,0.0,0.13134444,0.0022358242,0.0009247698,0.0,0.0,0.106062025,0.03739784,0.0,0.0,0.0,0.045746405,0.0,0.0,0.11555194,0.0,0.04722959
63,0.16271162,0.0,0.020669783,0.0,0.0,0.0,0.0,0.042292207,0.0,0.0,0.0,0.014169375,0.00537437,0.0,0.046996985,0.11883891,0.0,0.0,0.0,0.0,0.08140892,0.12909779,0.029682644,0.0,0.0,0.0,0.0,0.15220354,0.0,0.008373395,0.0,0.019493483,0.0,0.020472154,0.041237295,0.0,0.049170956,0.12308075,0.084413245,0.0,0.0,0.0459897,0.0,0.085438766,0.0,0.0,0.0,0.0,0.08170593,0.08906235,0.011667447,0.06058812,0.10413792,0.0,0.037044436,0.032107316,0.0,0.0,0.0,0.1314944,0.0026002172,0.0010561645,0.0,0.0,0.10611524,0.037215024,0.0,0.0,0.0,0.04590448,0.0,0.0,0.11535871,0.0,0.047226857
64,0.16269001,0.0,0.020758383,0.0,0.0,0.0,0.0,0.042326547,0.0,0.0,0.0,0.014104076,0.005569093,0.0,0.046914414,0.118828535,0.0,0.0,0.0,0.0,0.08135323,0.12932071,0.029962346,0.0,0.0,0.0,0.0,0.15199557,0.0,0.008177727,0.0,0.019317903,0.0,0.020454744,0.041429106,0.0,0.04940199,0.122957505,0.08401862,0.0,0.0,0.045863822,0.0,0.08554372,0.0,0.0,0.0,0.0,0.08194974,0.08919777,0.011601859,0.060250483,0.10400036,0.0,0.036928795,0.03212645,0.0,0.0,0.0,0.13156113,0.0028067846,0.0011367463,0.0,0.0,0.106115684,0.0370553,0.0,0.0,0.0,0.046043284,0.0,0.0,0.11512732,0.0,0.04717066
65,0.16276556,0.0,0.020562086,0.0,0.0,0.0,0.0,0.04229122,0.0,0.0,0.0,0.014302617,0.0050333813,0.0,0.047177322,0.118912295,0.0,0.0,0.0,0.0,0.081570536,0.1287277,0.029089898,0.0,0.0,0.0,0.0,0.15266135,0.0,0.008680116,0.0,0.019906031,0.0,0.020521179,0.04082522,0.0,0.048635624,0.12331622,0.08527441,0.0,0.0,0.046175614,0.0,0.0851989,0.0,0.0,0.0,0.0,0.081178635,0.08882304,0.011817376,0.061300416,0.10436461,0.0,0.03727685,0.032049872,0.0,0.0,0.0,0.13130277,0.0022607949,0.000912033,0.0,0.0,0.10615892,0.037564393,0.0,0.0,0.0,0.045572825,0.0,0.0,0.115879446,0.0,0.04735219
66,0.16289094,0.0,0.020199783,0.0,0.0,0.0,0.0,0.041926265,0.0,0.0,0.0,0.01465236,0.0044938624,0.0,0.047049478,0.118737385,0.0,0.0,0.0,0.0,0.0813999,0.12816995,0.028332941,0.0,0.0,0.0,0.0,0.15295881,0.0,0.009472795,0.0,0.020175267,0.0,0.020614965,0.040508687,0.0,0.048513003,0.12328118,0.08591234,0.0,0.0,0.04663623,0.0,0.08496359,0.0,0.0,0.0,0.0,0.08071612,0.08812117,0.012257811,0.061927997,0.10468501,0.0,0.037660237,0.032062776,0.0,0.0,0.0,0.1311083,0.0016405974,0.00072097965,0.0,0.0,0.10599349,0.037788883,0.0,0.0,0.0,0.045412745,0.0,0.0,0.11603675,0.0,0.047260493
67,0.1627909,0.0,0.020482805,0.0,0.0,0.0,0.0,0.042083666,0.0,0.0,0.0,0.014423346,0.004937146,0.0,0.047029227,0.11876719,0.0,0.0,0.0,0.0,0.08138693,0.12860706,0.028978676,0.0,0.0,0.0,0.0,0.15258133,0.0,0.008923486,0.0,0.019817136,0.0,0.02052026,0.04086133,0.0,0.048820764,0.123147175,0.08511326,0.0,0.0,0.04630693,0.0,0.085186526,0.0,0.0,0.0,0.0,0.08122344,0.088552624,0.011933574,0.061259385,0.104373895,0.0,0.03735029,0.032104135,0.0,0.0,0.0,0.1312839,0.002100842,0.00093430653,0.0,0.0,0.106051154,0.03751809,0.0,0.0,0.0,0.045782752,0.0,0.0,0.115653895,0.0,0.047193505
68,0.16281918,0.0,0.020473752,0.0,0.0,0.0,0.0,0.042188004,0.0,0.0,0.0,0.014257603,0.0052555203,0.0,0.046774004,0.11880378,0.0,0.0,0.0,0.0,0.08131756,0.12913048,0.029663254,0.0,0.0,0.0,0.0,0.15216452,0.0,0.008671934,0.0,0.019423183,0.0,0.020623095,0.041339617,0.0,0.04945495,0.12297348,0.084441684,0.0,0.0,0.046123788,0.0,0.085480966,0.0,0.0,0.0,0.0,0.0816721,0.08887728,0.011965962,0.06054707,0.104308166,0.0,0.037125405,0.03206624,0.0,0.0,0.0,0.13151923,0.0025332589,0.0009109359,0.0,0.0,0.1060475,0.037097268,0.0,0.0,0.0,0.045656037,0.0,0.0,0.115220025,0.0,0.047260575
69,0.16292359,0.0,0.020078057,0.0,0.0,0.0,0.0,0.041882783,0.0,0.0,0.0,0.014697345,0.0044050515,0.0,0.047012176,0.11870606,0.0,0.0,0.0,0.0,0.081349604,0.12810586,0.02829171,0.0,0.0,0.0,0.0,0.15295798,0.0,0.009601064,0.0,0.020195166,0.0,0.020645376,0.040516473,0.0,0.04860519,0.12330049,0.08595874,0.0,0.0,0.046713874,0.0,0.08494467,0.0,0.0,0.0,0.0,0.0806599,0.08806768,0.01234315,0.06195548,0.10479311,0.0,0.03771767,0.032062426,0.0,0.0,0.0,0.1311074,0.0015865732,0.0006273985,0.0,0.0,0.10598189,0.037768096,0.0,0.0,0.0,0.045278583,0.0,0.0,0.116046846,0.0,0.047314085
70,0.16279241,0.0,0.020509668,0.0,0.0,0.0,0.0,0.042184018,0.0,0.0,0.0,0.014284144,0.0052416287,0.0,0.04684849,0.11878427,0.0,0.0,0.0,0.0,0.08132532,0.12904446,0.02955684,0.0,0.0,0.0,0.0,0.15221761,0.0,0.008641254,0.0,0.01949926,0.0,0.020574268,0.041252017,0.0,0.049327463,0.122993365,0.08451107,0.0,0.0,0.046125144,0.0,0.08542418,0.0,0.0,0.0,0.0,0.08162148,0.08885037,0.011904282,0.06065023,0.10426282,0.0,0.037148774,0.032088935,0.0,0.0,0.0,0.13146338,0.0024845842,0.00094817765,0.0,0.0,0.106050625,0.03717687,0.0,0.0,0.0,0.045746714,0.0,0.0,0.11529414,0.0,0.04722405
71,0.1627649,0.0,0.020554904,0.0,0.0,0.0,0.0,0.04219585,0.0,0.0,0.0,0.01425286,0.005255215,0.0,0.04689478,0.11879296,0.0,0.0,0.0,0.0,0.08133824,0.12902562,0.029571012,0.0,0.0,0.0,0.0,0.15221894,0.0,0.008591559,0.0,0.019493164,0.0,0.020531602,0.041234333,0.0,0.049269743,0.12302917,0.08447585,0.0,0.0,0.04610364,0.0,0.085415155,0.0,0.0,0.0,0.0,0.08163822,0.08888891,0.011829179,0.060647085,0.10423945,0.0,0.037125863,0.03210523,0.0,0.0,0.0,0.13147265,0.0024932344,0.000988381,0.0,0.0,0.10606966,0.037196763,0.0,0.0,0.0,0.04582432,0.0,0.0,0.11531007,0.0,0.04722252
72,0.16311401,0.0,0.019818245,0.0,0.0,0.0,0.0,0.041902155,0.0,0.0,0.0,0.014632464,0.004569486,0.0,0.04647714,0.118762314,0.0,0.0,0.0,0.0,0.081262276,0.1287155,0.02891605,0.0,0.0,0.0,0.0,0.15259758,0.0,0.009763978,0.0,0.019768944,0.0,0.021021012,0.041096922,0.0,0.04951836,0.12300526,0.08554088,0.0,0.0,0.04668875,0.0,0.08531861,0.0,0.0,0.0,0.0,0.0809716,0.088160254,0.0128286015,0.061300635,0.104994565,0.0,0.037605993,0.03190522,0.0,0.0,0.0,0.13137189,0.0019243788,0.0003593918,0.0,0.0,0.105905965,0.03724198,0.0,0.0,0.0,0.044664986,0.0,0.0,0.11552803,0.0,0.04746576
73,0.1626177,0.0,0.020920418,0.0,0.0,0.0,0.0,0.042471603,0.0,0.0,0.0,0.01394616,0.005717423,0.0,0.04706657,0.118930176,0.0,0.0,0.0,0.0,0.08147128,0.12942515,0.030138128,0.0,0.0,0.0,0.0,0.15199558,0.0,0.007882416,0.0,0.019314177,0.0,0.02036468,0.04142598,0.0,0.049233444,0.12307729,0.08393549,0.0,0.0,0.04569514,0.0,0.08557628,0.0,0.0,0.0,0.0,0.082033776,0.089486495,0.011360155,0.060157552,0.10391236,0.0,0.036806934,0.03212188,0.0,0.0,0.0,0.13162132,0.002964327,0.00122476,0.0,0.0,0.10619362,0.037080362,0.0,0.0,0.0,0.04611172,0.0,0.0,0.11522145,0.0,0.047229156
74,0.16269615,0.0,0.020680998,0.0,0.0,0.0,0.0,0.042264022,0.0,0.0,0.0,0.014179264,0.0053505674,0.0,0.047027186,0.11882579,0.0,0.0,0.0,0.0,0.08139178,0.12903506,0.029614571,0.0,0.0,0.0,0.0,0.15222432,0.0,0.008395854,0.0,0.019528072,0.0,0.020421596,0.041192207,0.0,0.04912086,0.12310721,0.08441529,0.0,0.0,0.046002492,0.0,0.08539888,0.0,0.0,0.0,0.0,0.08167575,0.0890468,0.011640084,0.060630973,0.10413791,0.0,0.03705864,0.032126248,0.0,0.0,0.0,0.1314784,0.002566794,0.0010750517,0.0,0.0,0.10612233,0.037263274,0.0,0.0,0.0,0.04595879,0.0,0.0,0.11538371,0.0,0.047205318
75,0.16275796,0.0,0.020563358,0.0,0.0,0.0,0.0,0.042193305,0.0,0.0,0.0,0.014270334,0.0052427407,0.0,0.046917953,0.11878812,0.0,0.0,0.0,0.0,0.08133806,0.12899451,0.029522464,0.0,0.0,0.0,0.0,0.15224032,0.0,0.0085878745,0.0,0.019528603,0.0,0.020516913,0.041200608,0.0,0.049224894,0.12303596,0.08451338,0.0,0.0,0.046109498,0.0,0.08538998,0.0,0.0,0.0,0.0,0.08161188,0.08887144,0.011819759,0.060692824,0.10422834,0.0,0.037141047,0.032112874,0.0,0.0,0.0,0.13144913,0.002475543,0.0009986516,0.0,0.0,0.10607251,0.037227742,0.0,0.0,0.0,0.045844615,0.0,0.0,0.11534108,0.0,0.047211304
76,0.16277593,0.0,0.02050521,0.0,0.0,0.0,0.0,0.04214886,0.0,0.0,0.0,0.014356241,0.005094379,0.0,0.046972286,0.11876945,0.0,0.0,0.0,0.0,0.081345335,0.12880963,0.029269084,0.0,0.0,0.0,0.0,0.15238442,0.0,0.008735351,0.0,0.019676315,0.0,0.020515498,0.041047063,0.0,0.04905934,0.12309417,0.08478971,0.0,0.0,0.046207197,0.0,0.08528284,0.0,0.0,0.0,0.0,0.08142723,0.088728815,0.0118777985,0.060952604,0.104299,0.0,0.037248258,0.032117665,0.0,0.0,0.0,0.13136257,0.0023128912,0.00095537305,0.0,0.0,0.1060691,0.037357245,0.0,0.0,0.0,0.04579155,0.0,0.0,0.11549673,0.0,0.047215242
77,0.16295096,0.0,0.020103296,0.0,0.0,0.0,0.0,0.041957,0.0,0.0,0.0,0.014613418,0.0046662986,0.0,0.046823658,0.11871236,0.0,0.0,0.0,0.0,0.081312805,0.12849039,0.028732918,0.0,0.0,0.0,0.0,0.1526888,0.0,0.009414574,0.0,0.019936737,0.0,0.020741006,0.040840928,0.0,0.049031038,0.12310914,0.08552736,0.0,0.0,0.046563335,0.0,0.085155115,0.0,0.0,0.0,0.0,0.080962,0.08825342,0.012384859,0.0614867,0.10469,0.0,0.037565585,0.032027595,0.0,0.0,0.0,0.13122933,0.0018769447,0.00062281266,0.0,0.0,0.105962396,0.03749443,0.0,0.0,0.0,0.04522407,0.0,0.0,0.11572913,0.0,0.047304228
78,0.16257617,0.0,0.02103936,0.0,0.0,0.0,0.0,0.042450786,0.0,0.0,0.0,0.01395189,0.005724393,0.0,0.047150575,0.118935354,0.0,0.0,0.0,0.0,0.0815305,0.12934773,0.02997873,0.0,0.0,0.0,0.0,0.15210073,0.0,0.007866746,0.0,0.019382233,0.0,0.020306803,0.041293554,0.0,0.04899396,0.123081915,0.084041394,0.0,0.0,0.045678154,0.0,0.08552487,0.0,0.0,0.0,0.0,0.08197357,0.08941987,0.01128741,0.060314745,0.10381245,0.0,0.036805354,0.032129824,0.0,0.0,0.0,0.13157219,0.0028903726,0.0013306104,0.0,0.0,0.10618792,0.03722121,0.0,0.0,0.0,0.04631579,0.0,0.0,0.11529039,0.0,0.047117483
79,0.16274409,0.0,0.020605164,0.0,0.0,0.0,0.0,0.04220868,0.0,0.0,0.0,0.01429943,0.0051385406,0.0,0.047056336,0.11882261,0.0,0.0,0.0,0.0,0.08143018,0.12882003,0.029269688,0.0,0.0,0.0,0.0,0.15244456,0.0,0.008633433,0.0,0.019704103,0.0,0.020483157,0.040992685,0.0,0.04889837,0.12314838,0.08484692,0.0,0.0,0.046144933,0.0,0.08527637,0.0,0.0,0.0,0.0,0.08141462,0.08880098,0.011780549,0.061003774,0.10424801,0.0,0.037209637,0.03210645,0.0,0.0,0.0,0.13135755,0.0023348182,0.0010105371,0.0,0.0,0.10610414,0.03741715,0.0,0.0,0.0,0.0458477,0.0,0.0,0.115576744,0.0,0.047217507
80,0.16265318,0.0,0.020820618,0.0,0.0,0.0,0.0,0.042294145,0.0,0.0,0.0,0.014121524,0.0055325106,0.0,0.046989974,0.11881146,0.0,0.0,0.0,0.0,0.081356086,0.12920558,0.029838346,0.0,0.0,0.0,0.0,0.15205798,0.0,0.008172307,0.0,0.01936751,0.0,0.020387333,0.041323565,0.0,0.04923539,0.12297737,0.08406408,0.0,0.0,0.045879006,0.0,0.085482046,0.0,0.0,0.0,0.0,0.081910774,0.08913873,0.011521688,0.060361028,0.10395469,0.0,0.036946945,0.032157034,0.0,0.0,0.0,0.13152182,0.0027252715,0.00121486,0.0,0.0,0.10610842,0.037146382,0.0,0.0,0.0,0.04622189,0.0,0.0,0.11517747,0.0,0.04710851
81,0.16285785,0.0,0.020323535,0.0,0.0,0.0,0.0,0.04207231,0.0,0.0,0.0,0.014444487,0.0049226843,0.0,0.046873398,0.118761756,0.0,0.0,0.0,0.0,0.081328735,0.12872499,0.029104777,0.0,0.0,0.0,0.0,0.15248209,0.0,0.009029411,0.0,0.019744068,0.0,0.02063343,0.04100828,0.0,0.049112406,0.12309382,0.08505379,0.0,0.0,0.046353914,0.0,0.08525983,0.0,0.0,0.0,0.0,0.08126047,0.08854829,0.01211787,0.061118905,0.104490004,0.0,0.037366226,0.0320687,0.0,0.0,0.0,0.13134065,0.0021657888,0.00080128945,0.0,0.0,0.10602756,0.03737139,0.0,0.0,0.0,0.045510545,0.0,0.0,0.11555451,0.0,0.047277477
82,0.16285422,0.0,0.020290535,0.0,0.0,0.0,0.0,0.041982837,0.0,0.0,0.0,0.014556084,0.0046762154,0.0,0.04702404,0.118738614,0.0,0.0,0.0,0.0,0.08137112,0.12835863,0.028635658,0.0,0.0,0.0,0.0,0.15277082,0.0,0.009254467,0.0,0.020004248,0.0,0.020579617,0.040686447,0.0,0.048702903,0.12322101,0.08553067,0.0,0.0,0.046504796,0.0,0.08506665,0.0,0.0,0.0,0.0,0.080946706,0.08831184,0.012130378,0.061605252,0.10457537,0.0,0.037530735,0.032082796,0.0,0.0,0.0,0.13119635,0.0018447787,0.0007892996,0.0,0.0,0.1060151,0.03764541,0.0,0.0,0.0,0.045546856,0.0,0.0,0.11584808,0.0,0.04724712
83,0.16272712,0.0,0.020633325,0.0,0.0,0.0,0.0,0.04221607,0.0,0.0,0.0,0.014271333,0.0052385777,0.0,0.047009043,0.11879817,0.0,0.0,0.0,0.0,0.08138139,0.12892637,0.029427223,0.0,0.0,0.0,0.0,0.15231168,0.0,0.008530667,0.0,0.019601243,0.0,0.020467557,0.041101974,0.0,0.04904256,0.123079576,0.084609896,0.0,0.0,0.046091527,0.0,0.08533421,0.0,0.0,0.0,0.0,0.081560604,0.088865235,0.011738836,0.06080999,0.104169995,0.0,0.03714847,0.032130584,0.0,0.0,0.0,0.13140023,0.00243962,0.0010575764,0.0,0.0,0.106092334,0.037321165,0.0,0.0,0.0,0.045943044,0.0,0.0,0.11544127,0.0,0.04718251
84,0.16256082,0.0,0.021102145,0.0,0.0,0.0,0.0,0.042530894,0.0,0.0,0.0,0.013888909,0.005792208,0.0,0.04719674,0.11899028,0.0,0.0,0.0,0.0,0.08159402,0.12942113,0.030066222,0.0,0.0,0.0,0.0,0.15210563,0.0,0.0077436697,0.0,0.019377787,0.0,0.020302406,0.04130806,0.0,0.04893191,0.123122334,0.08404133,0.0,0.0,0.04559821,0.0,0.08554768,0.0,0.0,0.0,0.0,0.08200078,0.08953714,0.011212921,0.06027852,0.10378016,0.0,0.036757205,0.032121755,0.0,0.0,0.0,0.13159317,0.0029675793,0.0013505444,0.0,0.0,0.10622678,0.037220422,0.0,0.0,0.0,0.04629687,0.0,0.0,0.11533931,0.0,0.047160055
85,0.16267589,0.0,0.020747786,0.0,0.0,0.0,0.0,0.042315423,0.0,0.0,0.0,0.014100421,0.0054885466,0.0,0.046999793,0.11884594,0.0,0.0,0.0,0.0,0.08139326,0.1291946,0.029835336,0.0,0.0,0.0,0.0,0.15210326,0.0,0.008241128,0.0,0.019408181,0.0,0.020411503,0.041318186,0.0,0.049241796,0.12306599,0.08417564,0.0,0.0,0.045902595,0.0,0.08548339,0.0,0.0,0.0,0.0,0.081835166,0.08918883,0.011566629,0.06040846,0.10406145,0.0,0.036960945,0.03212557,0.0,0.0,0.0,0.13154821,0.0027181078,0.0011210777,0.0,0.0,0.1061358,0.037162513,0.0,0.0,0.0,0.046020154,0.0,0.0,0.11526226,0.0,0.047199987
86,0.16258115,0.0,0.021211514,0.0,0.0,0.0,0.0,0.042480536,0.0,0.0,0.0,0.0139664505,0.005624,0.0,0.047301237,0.119038664,0.0,0.0,0.0,0.0,0.08172807,0.12919128,0.029617272,0.0,0.0,0.0,0.0,0.15245521,0.0,0.0079199,0.0,0.019589536,0.0,0.020320052,0.040998273,0.0,0.048430156,0.123141356,0.08456215,0.0,0.0,0.045666896,0.0,0.08540778,0.0,0.0,0.0,0.0,0.08171315,0.08927365,0.011256309,0.060760144,0.103787065,0.0,0.036881007,0.03208463,0.0,0.0,0.0,0.13144608,0.0026824083,0.0014158413,0.0,0.0,0.10620463,0.037497256,0.0,0.0,0.0,0.0464064,0.0,0.0,0.115571916,0.0,0.04706787
87,0.16299623,0.0,0.019943677,0.0,0.0,0.0,0.0,0.041847356,0.0,0.0,0.0,0.014708554,0.0043553226,0.0,0.046865247,0.118716076,0.0,0.0,0.0,0.0,0.08132991,0.12817919,0.02835048,0.0,0.0,0.0,0.0,0.15293287,0.0,0.009774398,0.0,0.02012913,0.0,0.020765003,0.040611215,0.0,0.048802663,0.12325816,0.08598659,0.0,0.0,0.046779886,0.0,0.0850147,0.0,0.0,0.0,0.0,0.08065404,0.088013925,0.012535035,0.06189556,0.10492801,0.0,0.037740596,0.032007776,0.0,0.0,0.0,0.13116404,0.0015743114,0.0005070828,0.0,0.0,0.105943464,0.037669044,0.0,0.0,0.0,0.04503763,0.0,0.0,0.11596955,0.0,0.047376547
88,0.1627429,0.0,0.020594172,0.0,0.0,0.0,0.0,0.042205323,0.0,0.0,0.0,0.01425013,0.005271565,0.0,0.046935983,0.1187899,0.0,0.0,0.0,0.0,0.08134091,0.12900673,0.029555477,0.0,0.0,0.0,0.0,0.1522226,0.0,0.008538974,0.0,0.01951298,0.0,0.020494975,0.04120802,0.0,0.049212866,0.12304018,0.08446523,0.0,0.0,0.04608301,0.0,0.085394934,0.0,0.0,0.0,0.0,0.08164357,0.088905066,0.011773525,0.060660727,0.10419741,0.0,0.037119977,0.032121934,0.0,0.0,0.0,0.13145675,0.0024979096,0.0010254756,0.0,0.0,0.10607977,0.03722446,0.0,0.0,0.0,0.045895785,0.0,0.0,0.115332544,0.0,0.047201283
89,0.16281964,0.0,0.020439148,0.0,0.0,0.0,0.0,0.042169333,0.0,0.0,0.0,0.014305522,0.005131038,0.0,0.046876386,0.118808016,0.0,0.0,0.0,0.0,0.081362374,0.12894604,0.02942324,0.0,0.0,0.0,0.0,0.15233406,0.0,0.008769324,0.0,0.019592365,0.0,0.020598007,0.04116563,0.0,0.049227312,0.12307613,0.08473374,0.0,0.0,0.046193555,0.0,0.08537872,0.0,0.0,0.0,0.0,0.08148168,0.08880169,0.011967026,0.06081631,0.10437541,0.0,0.037211776,0.032061994,0.0,0.0,0.0,0.13144806,0.002384713,0.00087048113,0.0,0.0,0.10605741,0.037253566,0.0,0.0,0.0,0.045600437,0.0,0.0,0.11542294,0.0,0.047281705
90,0.16275428,0.0,0.020545453,0.0,0.0,0.0,0.0,0.04216367,0.0,0.0,0.0,0.01432216,0.0051391777,0.0,0.04698953,0.1187734,0.0,0.0,0.0,0.0,0.08135106,0.1288356,0.0293273,0.0,0.0,0.0,0.0,0.15235534,0.0,0.008671662,0.0,0.019644609,0.0,0.020489782,0.04106644,0.0,0.04905836,0.12309721,0.08471126,0.0,0.0,0.04617209,0.0,0.085300885,0.0,0.0,0.0,0.0,0.08147677,0.08877907,0.011818137,0.060897928,0.10426271,0.0,0.03721247,0.032126628,0.0,0.0,0.0,0.13138154,0.0023487005,0.0009897668,0.0,0.0,0.106076546,0.037343256,0.0,0.0,0.0,0.045854665,0.0,0.0,0.11547332,0.0,0.047207005
91,0.16260399,0.0,0.020914864,0.0,0.0,0.0,0.0,0.042398725,0.0,0.0,0.0,0.013986703,0.005707575,0.0,0.0470397,0.11886493,0.0,0.0,0.0,0.0,0.08140038,0.12937383,0.030102067,0.0,0.0,0.0,0.0,0.15194626,0.0,0.007931681,0.0,0.019279597,0.0,0.020327013,0.041436266,0.0,0.04929866,0.12302666,0.083822034,0.0,0.0,0.045732804,0.0,0.085562855,0.0,0.0,0.0,0.0,0.08206515,0.08940801,0.011360416,0.0601324,0.10387638,0.0,0.03681372,0.032156006,0.0,0.0,0.0,0.13161397,0.0029301066,0.0012585763,0.0,0.0,0.106167436,0.037077468,0.0,0.0,0.0,0.046250787,0.0,0.0,0.11513218,0.0,0.04714983
92,0.16275407,0.0,0.020543706,0.0,0.0,0.0,0.0,0.042163342,0.0,0.0,0.0,0.014321018,0.0051405,0.0,0.0469884,0.11877155,0.0,0.0,0.0,0.0,0.08134936,0.12883699,0.029329002,0.0,0.0,0.0,0.0,0.15235353,0.0,0.0086728055,0.0,0.019642385,0.0,0.020491645,0.041066922,0.0,0.049057588,0.12309635,0.08470912,0.0,0.0,0.046170935,0.0,0.085300766,0.0,0.0,0.0,0.0,0.081478894,0.08877787,0.011817742,0.06089417,0.10426273,0.0,0.037213515,0.032127984,0.0,0.0,0.0,0.13138258,0.0023486987,0.0009892918,0.0,0.0,0.1060754,0.037342377,0.0,0.0,0.0,0.04585616,0.0,0.0,0.11547451,0.0,0.04720699
93,0.16277269,0.0,0.020564426,0.0,0.0,0.0,0.0,0.04222218,0.0,0.0,0.0,0.014191088,0.005360564,0.0,0.04680968,0.118811525,0.0,0.0,0.0,0.0,0.08132324,0.12919712,0.02978972,0.0,0.0,0.0,0.0,0.15209305,0.0,0.008516787,0.0,0.01935986,0.0,0.020565368,0.04138451,0.0,0.0494555,0.12296757,0.08426274,0.0,0.0,0.046039782,0.0,0.085516386,0.0,0.0,0.0,0.0,0.0817872,0.08898808,0.0118364245,0.060418442,0.10421459,0.0,0.037050664,0.032087058,0.0,0.0,0.0,0.1315555,0.002623165,0.0009912886,0.0,0.0,0.106061175,0.037064634,0.0,0.0,0.0,0.045800135,0.0,0.0,0.11516583,0.0,0.047232468
94,0.16272496,0.0,0.020628156,0.0,0.0,0.0,0.0,0.04221473,0.0,0.0,0.0,0.014245762,0.005285822,0.0,0.046971224,0.11878803,0.0,0.0,0.0,0.0,0.08134777,0.12899137,0.029544279,0.0,0.0,0.0,0.0,0.15222833,0.0,0.008495534,0.0,0.019526346,0.0,0.020465882,0.0411865,0.0,0.04916843,0.12305035,0.08445412,0.0,0.0,0.046067476,0.0,0.08538095,0.0,0.0,0.0,0.0,0.0816465,0.088920884,0.011726375,0.060673263,0.10416493,0.0,0.03711074,0.032134198,0.0,0.0,0.0,0.13144496,0.0025030766,0.0010553151,0.0,0.0,0.10608855,0.037246794,0.0,0.0,0.0,0.045954227,0.0,0.0,0.11534734,0.0,0.047187775
95,0.16297433,0.0,0.020029776,0.0,0.0,0.0,0.0,0.041912172,0.0,0.0,0.0,0.014650852,0.0045543388,0.0,0.04681851,0.118712716,0.0,0.0,0.0,0.0,0.08130987,0.12839139,0.028605424,0.0,0.0,0.0,0.0,0.15276586,0.0,0.009553395,0.0,0.019999288,0.0,0.020761559,0.04077194,0.0,0.048973337,0.12314879,0.0856869,0.0,0.0,0.04664135,0.0,0.08511171,0.0,0.0,0.0,0.0,0.080859624,0.08816164,0.012458135,0.061616182,0.104780726,0.0,0.03763354,0.032015085,0.0,0.0,0.0,0.1312103,0.0017709248,0.00057071075,0.0,0.0,0.10594682,0.037542596,0.0,0.0,0.0,0.045137685,0.0,0.0,0.1158058,0.0,0.047327332
96,0.16276275,0.0,0.020552732,0.0,0.0,0.0,0.0,0.042102855,0.0,0.0,0.0,0.014380924,0.0050331913,0.0,0.04703004,0.11877234,0.0,0.0,0.0,0.0,0.08138376,0.12868838,0.029078081,0.0,0.0,0.0,0.0,0.15251747,0.0,0.008806832,0.0,0.019761965,0.0,0.020489903,0.040906485,0.0,0.048839055,0.12310815,0.08496943,0.0,0.0,0.04623796,0.0,0.08522521,0.0,0.0,0.0,0.0,0.081326276,0.088623956,0.011863219,0.061142996,0.10428818,0.0,0.037293445,0.03211145,0.0,0.0,0.0,0.1313125,0.002176147,0.0009991806,0.0,0.0,0.10604659,0.03748318,0.0,0.0,0.0,0.045891322,0.0,0.0,0.115588866,0.0,0.04715001
97,0.16274944,0.0,0.020565284,0.0,0.0,0.0,0.0,0.04221961,0.0,0.0,0.0,0.01422554,0.0052392427,0.0,0.046971858,0.1188251,0.0,0.0,0.0,0.0,0.08138946,0.12897658,0.029515523,0.0,0.0,0.0,0.0,0.15229312,0.0,0.008584468,0.0,0.019568106,0.0,0.02049361,0.041164875,0.0,0.04914517,0.12312131,0.08458741,0.0,0.0,0.046094,0.0,0.08538478,0.0,0.0,0.0,0.0,0.081567176,0.08894444,0.011783842,0.0607383,0.10426648,0.0,0.037128873,0.032092884,0.0,0.0,0.0,0.13147101,0.0024697538,0.0009731166,0.0,0.0,0.106099784,0.03727659,0.0,0.0,0.0,0.04577524,0.0,0.0,0.11542836,0.0,0.04725241
98,0.16275173,0.0,0.020616312,0.0,0.0,0.0,0.0,0.04226412,0.0,0.0,0.0,0.014217374,0.005403178,0.0,0.046866477,0.11880267,0.0,0.0,0.0,0.0,0.08134465,0.12919155,0.029734045,0.0,0.0,0.0,0.0,0.15211569,0.0,0.008419326,0.0,0.019429294,0.0,0.02054139,0.041331068,0.0,0.049358815,0.12295886,0.08432421,0.0,0.0,0.046003446,0.0,0.08547805,0.0,0.0,0.0,0.0,0.08176581,0.08899136,0.011790854,0.06048289,0.10412137,0.0,0.037055477,0.032105125,0.0,0.0,0.0,0.13148935,0.0026391763,0.0010334235,0.0,0.0,0.10607493,0.037119307,0.0,0.0,0.0,0.045856386,0.0,0.0,0.11523416,0.0,0.047194414
99,0.16287827,0.0,0.020210406,0.0,0.0,0.0,0.0,0.041970834,0.0,0.0,0.0,0.014603335,0.004589185,0.0,0.04702577,0.11873901,0.0,0.0,0.0,0.0,0.08137805,0.12828575,0.028517544,0.0,0.0,0.0,0.0,0.15283887,0.0,0.009351067,0.0,0.020089207,0.0,0.02060811,0.04061997,0.0,0.04865163,0.123262346,0.085713394,0.0,0.0,0.046572395,0.0,0.0850201,0.0,0.0,0.0,0.0,0.08083938,0.088240355,0.012208355,0.06174037,0.104642846,0.0,0.03759647,0.032073773,0.0,0.0,0.0,0.13115916,0.0017713998,0.00073096156,0.0,0.0,0.10600897,0.037690863,0.0,0.0,0.0,0.045416754,0.0,0.0,0.11595201,0.0,0.047284625
100,0.16276608,0.0,0.02055391,0.0,0.0,0.0,0.0,0.04219532,0.0,0.0,0.0,0.014258111,0.005255576,0.0,0.046893355,0.11879244,0.0,0.0,0.0,0.0,0.08133575,0.12902778,0.029565852,0.0,0.0,0.0,0.0,0.15221827,0.0,0.008588001,0.0,0.019498372,0.0,0.0205315,0.041232564,0.0,0.04927014,0.12302411,0.08447637,0.0,0.0,0.046103686,0.0,0.08541262,0.0,0.0,0.0,0.0,0.08163795,0.08888641,0.0118325595,0.060647015,0.10423541,0.0,0.037128717,0.03210458,0.0,0.0,0.0,0.13146952,0.0024955962,0.0009896755,0.0,0.0,0.10606637,0.0371971,0.0,0.0,0.0,0.04582422,0.0,0.0,0.115310036,0.0,0.047218546
101,0.16276628,0.0,0.020574864,0.0,0.0,0.0,0.0,0.04221946,0.0,0.0,0.0,0.0142341005,0.0053174812,0.0,0.046864033,0.118799746,0.0,0.0,0.0,0.0,0.081329904,0.129114,0.029669493,0.0,0.0,0.0,0.0,0.1521557,0.0,0.008525435,0.0,0.019440811,0.0,0.020540405,0.041302383,0.0,0.049351323,0.12299046,0.0843687,0.0,0.0,0.04606185,0.0,0.08545407,0.0,0.0,0.0,0.0,0.081710905,0.08894156,0.011823399,0.060539022,0.104203,0.0,0.03708865,0.032101735,0.0,0.0,0.0,0.13149804,0.0025713835,0.0010016151,0.0,0.0,0.10607125,0.037140872,0.0,0.0,0.0,0.04583218,0.0,0.0,0.11524239,0.0,0.047216
102,0.162669,0.0,0.020877678,0.0,0.0,0.0,0.0,0.04237901,0.0,0.0,0.0,0.014184895,0.0053047575,0.0,0.04724087,0.11897933,0.0,0.0,0.0,0.0,0.0816793,0.12893376,0.029219363,0.0,0.0,0.0,0.0,0.15262336,0.0,0.008327836,0.0,0.019828351,0.0,0.020456975,0.040815398,0.0,0.048360955,0.12321284,0.08512513,0.0,0.0,0.0459387,0.0,0.08526908,0.0,0.0,0.0,0.0,0.08138122,0.08893396,0.0115762735,0.06118159,0.104017414,0.0,0.037121527,0.03209412,0.0,0.0,0.0,0.13133085,0.0023974702,0.0012076497,0.0,0.0,0.10613006,0.037606243,0.0,0.0,0.0,0.04601154,0.0,0.0,0.115850896,0.0,0.04717046
103,0.16276468,0.0,0.02051886,0.0,0.0,0.0,0.0,0.04214597,0.0,0.0,0.0,0.014347024,0.0050910804,0.0,0.046993654,0.11876938,0.0,0.0,0.0,0.0,0.0813531,0.12878577,0.029255621,0.0,0.0,0.0,0.0,0.15239829,0.0,0.008731803,0.0,0.019682383,0.0,0.020499017,0.041027214,0.0,0.049022153,0.12311093,0.084796935,0.0,0.0,0.046206772,0.0,0.08527604,0.0,0.0,0.0,0.0,0.08142099,0.08873096,0.011850463,0.06097202,0.104295306,0.0,0.037245497,0.032122754,0.0,0.0,0.0,0.13136156,0.0022968631,0.0009684134,0.0,0.0,0.10607138,0.03737489,0.0,0.0,0.0,0.045821644,0.0,0.0,0.115513,0.0,0.047212124
104,0.16271156,0.0,0.020689975,0.0,0.0,0.0,0.0,0.04225132,0.0,0.0,0.0,0.014246866,0.005286867,0.0,0.047030903,0.11882059,0.0,0.0,0.0,0.0,0.0814149,0.12896723,0.029451262,0.0,0.0,0.0,0.0,0.15231325,0.0,0.008453339,0.0,0.01960048,0.0,0.020457046,0.04109598,0.0,0.048988953,0.123077646,0.08460456,0.0,0.0,0.04604827,0.0,0.08534176,0.0,0.0,0.0,0.0,0.08158447,0.08890092,0.011698078,0.06080146,0.10411249,0.0,0.03712037,0.03212943,0.0,0.0,0.0,0.13139756,0.002476938,0.0011010896,0.0,0.0,0.106102094,0.037331432,0.0,0.0,0.0,0.045987632,0.0,0.0,0.115454786,0.0,0.047165286
105,0.16281699,0.0,0.020475524,0.0,0.0,0.0,0.0,0.04219026,0.0,0.0,0.0,0.0142218955,0.0052886494,0.0,0.046748098,0.118812114,0.0,0.0,0.0,0.0,0.08131576,0.12917998,0.029746473,0.0,0.0,0.0,0.0,0.15212342,0.0,0.008654792,0.0,0.019368224,0.0,0.020629747,0.041390065,0.0,0.04951079,0.12296375,0.08436198,0.0,0.0,0.046103336,0.0,0.08552153,0.0,0.0,0.0,0.0,0.08172764,0.08891675,0.011955178,0.060464807,0.10430936,0.0,0.037095565,0.03205941,0.0,0.0,0.0,0.13156,0.0025675502,0.0009130761,0.0,0.0,0.10604134,0.03705038,0.0,0.0,0.0,0.04565415,0.0,0.0,0.11517236,0.0,0.047268577
106,0.16267975,0.0,0.020778911,0.0,0.0,0.0,0.0,0.04231383,0.0,0.0,0.0,0.014158279,0.005429182,0.0,0.047047433,0.11884704,0.0,0.0,0.0,0.0,0.08143239,0.12910828,0.029656962,0.0,0.0,0.0,0.0,0.15221745,0.0,0.008267773,0.0,0.019508358,0.0,0.020426508,0.041193724,0.0,0.049055435,0.12305965,0.08438204,0.0,0.0,0.04593149,0.0,0.08541544,0.0,0.0,0.0,0.0,0.081730336,0.089075714,0.011579981,0.06059877,0.10403212,0.0,0.037018992,0.03213072,0.0,0.0,0.0,0.13146257,0.0026249085,0.0011532046,0.0,0.0,0.10612118,0.037258577,0.0,0.0,0.0,0.04606753,0.0,0.0,0.11536758,0.0,0.047168314
107,0.16276371,0.0,0.020562798,0.0,0.0,0.0,0.0,0.042203136,0.0,0.0,0.0,0.01424109,0.0052772295,0.0,0.0468843,0.11879655,0.0,0.0,0.0,0.0,0.081336655,0.12905617,0.029610548,0.0,0.0,0.0,0.0,0.1521959,0.0,0.0085709095,0.0,0.01947057,0.0,0.020533688,0.041259572,0.0,0.04929789,0.12301992,0.08443545,0.0,0.0,0.046088994,0.0,0.0854317,0.0,0.0,0.0,0.0,0.08166618,0.08890985,0.011824,0.060606744,0.10422946,0.0,0.037110493,0.032104038,0.0,0.0,0.0,0.1314857,0.0025188718,0.0009936579,0.0,0.0,0.1060707,0.03717549,0.0,0.0,0.0,0.045827467,0.0,0.0,0.11528591,0.0,0.047222886
108,0.16271529,0.0,0.020639688,0.0,0.0,0.0,0.0,0.04222195,0.0,0.0,0.0,0.014236028,0.0052478462,0.0,0.047042444,0.118813716,0.0,0.0,0.0,0.0,0.08139798,0.12891904,0.029447105,0.0,0.0,0.0,0.0,0.15232387,0.0,0.008519333,0.0,0.01960863,0.0,0.020438254,0.04109756,0.0,0.04902242,0.12312609,0.08459747,0.0,0.0,0.046074092,0.0,0.08534005,0.0,0.0,0.0,0.0,0.08155597,0.08893001,0.011698351,0.06079963,0.10419316,0.0,0.03713034,0.032121293,0.0,0.0,0.0,0.13142778,0.002447946,0.0010448825,0.0,0.0,0.10610774,0.037339363,0.0,0.0,0.0,0.04592581,0.0,0.0,0.11546443,0.0,0.04720185
109,0.16271722,0.0,0.020685513,0.0,0.0,0.0,0.0,0.042180832,0.0,0.0,0.0,0.014273493,0.0052253827,0.0,0.047030367,0.11879702,0.0,0.0,0.0,0.0,0.08139418,0.12888026,0.029356949,0.0,0.0,0.0,0.0,0.1523643,0.0,0.008557769,0.0,0.01961081,0.0,0.020447835,0.041051768,0.0,0.04895191,0.12306077,0.08463663,0.0,0.0,0.04609163,0.0,0.08532162,0.0,0.0,0.0,0.0,0.08154122,0.08881915,0.011714509,0.060864363,0.10415082,0.0,0.037153535,0.03212575,0.0,0.0,0.0,0.13138956,0.0023801327,0.0010980573,0.0,0.0,0.106075525,0.03737204,0.0,0.0,0.0,0.046050508,0.0,0.0,0.115435034,0.0,0.047126524
110,0.16261023,0.0,0.0209424,0.0,0.0,0.0,0.0,0.042447243,0.0,0.0,0.0,0.013971247,0.005705785,0.0,0.04707305,0.11890646,0.0,0.0,0.0,0.0,0.08145623,0.12938654,0.030088749,0.0,0.0,0.0,0.0,0.15200368,0.0,0.007895175,0.0,0.019317294,0.0,0.020350326,0.04140218,0.0,0.049207732,0.12305279,0.08392862,0.0,0.0,0.045707785,0.0,0.08555574,0.0,0.0,0.0,0.0,0.0820274,0.0894333,0.011349687,0.06018792,0.10388296,0.0,0.036817584,0.032138415,0.0,0.0,0.0,0.13159677,0.0029330906,0.0012556836,0.0,0.0,0.106184855,0.0371025,0.0,0.0,0.0,0.046199888,0.0,0.0,0.11520443,0.0,0.047186725
111,0.16272324,0.0,0.020637834,0.0,0.0,0.0,0.0,0.042225733,0.0,0.0,0.0,0.014216265,0.005335478,0.0,0.04694037,0.11879473,0.0,0.0,0.0,0.0,0.08134094,0.12906325,0.029637396,0.0,0.0,0.0,0.0,0.15217316,0.0,0.008454509,0.0,0.019469919,0.0,0.020473927,0.041246653,0.0,0.04923995,0.12302464,0.08435555,0.0,0.0,0.046037287,0.0,0.0854232,0.0,0.0,0.0,0.0,0.08171457,0.08896686,0.011719843,0.06057384,0.10414737,0.0,0.037075914,0.03212882,0.0,0.0,0.0,0.13148049,0.0025600176,0.0010635592,0.0,0.0,0.10608417,0.037193097,0.0,0.0,0.0,0.045958195,0.0,0.0,0.11528655,0.0,0.047188226
112,0.16273966,0.0,0.020599768,0.0,0.0,0.0,0.0,0.04221371,0.0,0.0,0.0,0.014281265,0.005258858,0.0,0.04696763,0.11878296,0.0,0.0,0.0,0.0,0.0813538,0.12896883,0.029475354,0.0,0.0,0.0,0.0,0.15226452,0.0,0.008531632,0.0,0.019577054,0.0,0.020489883,0.041152474,0.0,0.04913847,0.1230455,0.084558226,0.0,0.0,0.046089977,0.0,0.08535804,0.0,0.0,0.0,0.0,0.08159257,0.08887285,0.011774084,0.06074647,0.10417332,0.0,0.037146885,0.032127775,0.0,0.0,0.0,0.13140872,0.0024699718,0.0010310113,0.0,0.0,0.106081516,0.03727337,0.0,0.0,0.0,0.045897283,0.0,0.0,0.115396604,0.0,0.04718704
